Black Diaspora &African AmrcSt,AA25,Additional UD Elective,LD Core Course,UD Concentration Elective,UD Concentration Elective,UD Concentration Elective,UD Concentration Elective,UD Concentration Elective,UD Concentration Elective,UD Core Course,UD Core Course,UD Core Course,UD Core Course - Capstone,UD ELECTIVE,UD Human Research Methods Course,,,,,,,,,,,,,,,,,,,,,,,,,,,,,
Anthropology(Conc in Bio Anth),AN26,ANBI CORE,ANBI CORE,ANBI CORE,ANBI CORE,ANTH 101,ANTH 102,ANTH 103,ANTH UD Elective,ANTH UD Elective,ANTH UD Elective,ANTH UD Elective,ANTH UD Elective,UD ELECTIVE,,,,,,,,,,,,,,,,,,,,,,,,,,,,,,
Anthropology(Conc in Archaeol),AN27,ANAR UD Elective,ANAR UD Elective,ANAR UD Elective,ANAR UD Elective,ANTH 101,ANTH 102,ANTH 103,Anthropology UD elective,Anthropology UD elective,Anthropology UD elective,Anthropology UD elective,Anthropology UD elective,UD ELECTIVE,,,,,,,,,,,,,,,,,,,,,,,,,,,,,,
Anth (Conc Sociocultural Anth),AN28,ANTH 101,ANTH 102,ANTH 103,Anthropology ANSC concentration course,Anthropology ANSC concentration course,Anthropology ANSC concentration course,Anthropology UD elective course,Anthropology UD elective course,Anthropology UD elective course,Anthropology UD elective course,Anthropology UD elective course,"Regional, country or religious focus course",UD ELECTIVE,,,,,,,,,,,,,,,,,,,,,,,,,,,,,,
Biological Anthropology,AN29,ANBI upper division course,ANBI upper division course,ANBI upper division course,ANBI upper division course,ANTH 101,ANTH 102,ANTH 103,ANTH 2,"ANTH 43 or 42, 5 or SOCI 70 or PSYC 1",Anthropology UD elective course,Anthropology UD elective course,Anthropology UD elective course,Anthropology UD elective course,BILD 1,BILD 2,CHEM 6A,CHEM 6B,CHEM 6C,MATH 10A,MATH 10B,PSYCH 60 or MATH 11,UD ELECTIVE,Upper Division Methods Course (ANBI),,,,,,,,,,,,,,,,,,,,
Anth (Conc Clim Chng&Humn Sol),AN30,ANTH 101,ANTH 102,ANTH 103,ANTH 110,Anthropology UD elective course,Anthropology UD elective course,Anthropology UD elective course,Anthropology UD elective course,Anthropology UD elective course,Climate Change Concentration course,Climate Change Concentration course,Climate Change Concentration course,UD ELECTIVE,,,,,,,,,,,,,,,,,,,,,,,,,,,,,,
Bioengineering,BE25,BENG 1,BENG 100,BENG 103B,BENG 110,BENG 112A,BENG 112B,BENG 122A,BENG 125,BENG 130,BENG 140A,BENG 140B,BENG 172,BENG 186A,BENG 186B,BENG 187A,BENG 187B,BENG 187C,BENG 187D,BENG DE,BENG DE,BILD 1,CHEM 6A,CHEM 6B,CHEM 7L,MAE 107,MAE 150,MAE 170,MAE 3,MAE 40,MAE 8,MATH 18,MATH 20A,MATH 20B,MATH 20C,MATH 20D,MATH 20E,PHYS 2A,PHYS 2B,PHYS 2BL,PHYS 2C,PHYS 2CL,TE,TE
Bioengineering (Biotechnology),BE27,BENG 1,BENG 100,BENG 103B,BENG 123,BENG 125,BENG 130,BENG 160,BENG 161A,BENG 161B,BENG 162,BENG 166A,BENG 168,BENG 186A,BENG 187A,BENG 187B,BENG 187C,BENG 187D,BENG DE Course (assigned),BENG DE Course (assigned),BICD 100,BILD 1,CENG 101A,CHEM 40A,CHEM 40B,CHEM 6A,CHEM 6B,CHEM 6C,CHEM 7L,MAE 170,MAE 8,MATH 18 or 31AH,MATH 20A,MATH 20B,MATH 20C or 31BH,MATH 20D,MATH 20E or 31CH,PHYS 2A,PHYS 2B,PHYS 2C,PHYS 2CL,Technical Elective,Technical Elective,
Bioengineering: Bioinformatics,BE28,BENG 1,BENG 100,BENG 102,BENG 120,BENG 125,BENG 130,BENG 168,BENG 181,BENG 182,BENG 183,BENG 187A,BENG 187B,BENG 187C,BENG 187D,BENG DE Course (assigned),BENG DE Course (assigned),BICD 100,BILD 1,BILD 3,BILD 4,BIMM 100,CHEM 6A,CHEM 6B,CSE 100,CSE 101,CSE 11,CSE 12,CSE 185,CSE 21,MATH 18 or 31AH,MATH 186,MATH 20A,MATH 20B,MATH 20C,MATH 20D,MATH 20E or 31CH,PHYS 2A,PHYS 2B,PHYS 2C,Technical Elective,Technical Elective,,
Bioengineering: BioSystems,BE29,BENG 1,BENG 100,BENG 102,BENG 110,BENG 120,BENG 122A,BENG 125,BENG 130,BENG 133,BENG 134,BENG 135,BENG 140A,BENG 140B,BENG 141,BENG 152,BENG 186B,BENG 187A,BENG 187B,BENG 187C,BENG 187D,BENG 189,BENG 2,BENG DE Course (assigned),BENG DE Course (assigned),CHEM 6A,CHEM 6B,ECE 35,ECE 45,MATH 18 or 31AH,MATH 20A,MATH 20B,MATH 20C or 31BH,MATH 20D,MATH 20E or 31CH,PHYS 2A,PHYS 2B,PHYS 2BL,PHYS 2C,PHYS 2CL,Technical Elective,Technical Elective,,
"Ecology, Behavior & Evolution",BI30,BICD 100,BIEB 102,BIEB 150,BILD 1,BILD 2,BILD 3,BILD 4 (*SEE NOTE*),CHEM 6A,CHEM 6B,CHEM 6C,MATH 10A/20A,MATH 10B/20B,MATH 11,PHYS 1A&1AL,PHYS 1B&1BL,PHYS 1C&1CL,UD BIO ELECT (*SEE NOTE*),UD BIO ELECTIVE,UD BIO ELECTIVE,UD BIO LAB,UD EBE CORE,UD EBE CORE,UD EBE CORE,UD EBE CORE,UD EBE LAB,UD ELECTIVE,,,,,,,,,,,,,,,,,
General Biology,BI31,BIBC 100/102 (*SEE NOTE*),BICD 100,BILD 1,BILD 2,BILD 3,BILD 4 (*SEE NOTE*),BIMM 100,BIPN 100,CHEM 40A,CHEM 40B,CHEM 6A,CHEM 6B,CHEM 6C,CHEM 7L,MATH 10A/20A,MATH 10B/20B,MATH 11,PHYS 1A&1AL,PHYS 1B&1BL,PHYS 1C&1CL,UD BIO ELECTIVE,UD BIO ELECTIVE,UD BIO ELECTIVE,UD BIO ELECTIVE,UD BIO ELECTIVE (*SEE NOTE*),UD BIO LAB (*SEE NOTE*),UD BIO LAB (*SEE NOTE*),UD EBE,UD ELECTIVE,,,,,,,,,,,,,,
Microbiology,BI32,BIBC 100/102 (*SEE NOTE*),BICD 100,BILD 1,BILD 3,BILD 4 (*SEE NOTE*),BIMM 100,BIMM 120,BIMM 121,BIMM 122,CHEM 40A,CHEM 40B,CHEM 43A,CHEM 6A,CHEM 6B,CHEM 6C,CHEM 7L,MATH 10A/20A,MATH 10B/20B,MATH 11,PHYS 1A&1AL,PHYS 1B&1BL,PHYS 1C&1CL,UD BIO ELECTIVE,UD BIO ELECTIVE (*SEE NOTE),UD BIO LAB (*SEE NOTE),UD ELECTIVE,UD MICRO CORE,UD MICRO CORE,UD MICRO CORE,,,,,,,,,,,,,,
Biology w/Spec Bioinformatics,BI34,BENG 183,BIBC 100/102 (*SEE NOTE*),BICD 100,BILD 1,BILD 3,BILD 4 (*SEE NOTE*),BIMM 100,BIMM 181,BIMM 182,CHEM 40A,CHEM 40B,CHEM 6A,CHEM 6B,CSE 100 (*SEE NOTE*),CSE 101,CSE 12,CSE 185,CSE 21 (*SEE NOTE*),CSE 8A (*SEE NOTE*),CSE 8B (*SEE NOTE*),MATH 18,MATH 186,MATH 20A,MATH 20B,MATH 20C,PHYS 2A,PHYS 2B,PHYS 2C,UD BIO ELECTIVE,UD BIO ELECTIVE,UD ELECTIVE,,,,,,,,,,,,
Human Biology,BI35,BIBC 102/CHEM 114B,BICD 100,BICD 110,BILD 1,BILD 2,BILD 3,BILD 4 (*SEE NOTE*),BIMM 100,BIPN 100,CHEM 40A,CHEM 40B,CHEM 43A,CHEM 6A,CHEM 6B,CHEM 6C,CHEM 7L,MATH 10A/20A,MATH 10B/20B,MATH 11,PHYS 1A&1AL,PHYS 1B&1BL,PHYS 1C&1CL,UD BIO ELECTIVE,UD BIO ELECTIVE (*SEE NOTE*),UD BIO LAB (*SEE NOTE*),UD BIO LAB (*SEE NOTE*),UD ELECTIVE,UD HB CORE,UD HB CORE (DISEASE),UD HB CORE (PHYSIOLOGY),,,,,,,,,,,,,
Molecular and Cell Biology,BI37,BIBC 100/CHEM 114A,BIBC 102/CHEM 114B,BIBC 103/BIMM 101,BICD 100,BICD 110,BILD 1,BILD 3,BILD 4 (*SEE NOTE*),BIMM 100,CHEM 40A,CHEM 40B,CHEM 43A,CHEM 6A,CHEM 6B,CHEM 6C,CHEM 7L,MATH 10A/20A,MATH 10B/20B,MATH 11,PHYS 1A&1AL,PHYS 1B&1BL,PHYS 1C&1CL,UD BIO ELECT (*SEE NOTE*),UD BIO ELECTIVE,UD BIO LAB (*SEE NOTE*),UD ELECTIVE,UD MCB CORE,UD MCB CORE,UD MCB CORE,,,,,,,,,,,,,,
Neurobiology,BI38,BIBC 102/CHEM 114B,BICD 100,BILD 1,BILD 2,BILD 3,BILD 4 (*SEE NOTE*),BIMM 100,BIPN 100,BIPN 140,BIPN 145,CHEM 40A,CHEM 40B,CHEM 43A,CHEM 6A,CHEM 6B,CHEM 6C,CHEM 7L,MATH 10A/20A,MATH 10B/20B,MATH 11,PHYS 1A&1AL,PHYS 1B&1BL,PHYS 1C&1CL,UD BIO ELECT (*SEE NOTE*),UD BIO ELECTIVE,UD BIO LAB (*SEE NOTE*),UD ELECTIVE,UD NEURO CORE,UD NEURO CORE,UD NEURO CORE,,,,,,,,,,,,,
Chemical Engineering,CE25,ADV. CHEM 1***,ADV. CHEM 2,ADV. CHEM 3,AS/ TE 1*****,AS/ TE 2,AS/ TE 3,CENG 100,CENG 101A,CENG 101B,CENG 101C,CENG 102,CENG 113,CENG 114,CENG 120,CENG 122,CENG 124A,CENG 124B,CENG 15**,CENG 170,CENG 176A,CENG 176B,CENG 4*,CHEM 6A,CHEM 6B,CHEM 6C,CHEM 7L,MATH 18****,MATH 20A,MATH 20B,MATH 20C,MATH 20D,MATH 20E,PHYS 2A,PHYS 2B,PHYS 2C,PHYS 2CL,,,,,,,
Chemistry,CH25,CHEM 100A,CHEM 105A,CHEM 114A,CHEM 120A,CHEM 120B,CHEM 130,CHEM 131,CHEM 132,CHEM 143B,CHEM 41A,CHEM 41B,CHEM 41C,CHEM 43A,CHEM 6A,CHEM 6B,CHEM 6C,CHEM 7LM or 7L,CHEM ELECTIVE,CHEM ELECTIVE,CHEM ELECTIVE,CHEM ELECTIVE LAB,CHEM ELECTIVE LAB,MATH 20A,MATH 20B,MATH 20C,MATH 20D,PHYS 2A,PHYS 2B,PHYS 2BL or 2CL or 2DL*,PHYS 2C or 2D,,,,,,,,,,,,,
Environmental Chemistry,CH34,CHEM 100A,CHEM 100B,CHEM 105A,CHEM 130 (see note 2),CHEM 131 (see note 2),CHEM 132 (see note 2),CHEM 171,CHEM 172,CHEM 173,CHEM 174,CHEM 41A,CHEM 41B,CHEM 43A,CHEM 6A,CHEM 6B,CHEM 6C,CHEM 7LM or 7L,ENVIRONMENTAL CHEM ELECTIVE,ENVIRONMENTAL CHEM ELECTIVE,ENVIRONMENTAL CHEM ELECTIVE,ENVIRONMENTAL CHEM ELECTIVE,MATH 20A,MATH 20B,MATH 20C,MATH 20D,PHYS 2A,PHYS 2B,PHYS 2BL or 2CL or 2DL*,PHYS 2C or 2D,,,,,,,,,,,,,,
Pharmacological Chemistry,CH35,BILD 1,BILD 2,CHEM 100A,CHEM 108 or 109 or 143C,CHEM 114A,CHEM 114B,CHEM 114C,CHEM 126A,CHEM 126B,CHEM 143B,CHEM 41A,CHEM 41B,CHEM 41C,CHEM 43A,CHEM 6A,CHEM 6B,CHEM 6C,CHEM 7LM or 7L,CHEM Elective,MATH 10A,MATH 10B,MATH 10C,MATH 11,PHARM Restricted Elective,PHYS 1A,PHYS 1AL,PHYS 1B,PHYS 1BL,PHYS 1C,PHYS 1CL,Restricted Elective,Restricted Elective,UD ELECTIVE,,,,,,,,,,
Molecular Synthesis,CH36,CHEM 100A,CHEM 105A,CHEM 114A,CHEM 120A,CHEM 120B,CHEM 123 (see note 5),CHEM 126A,CHEM 126B,CHEM 143B,CHEM 143C (see note 5),CHEM 152,CHEM 156 (see note 4),CHEM 157 (see note 4),CHEM 41A,CHEM 41B,CHEM 41C,CHEM 43A,CHEM 6A,CHEM 6B,CHEM 6C,CHEM 7LM or 7L,MATH 20A,MATH 20B,MATH 20C,MATH 20D,Molecular Synthesis Elective (see note 6),PHYS 2A,PHYS 2B,PHYS 2BL or 2CL or 2DL*,PHYS 2C or 2D,,,,,,,,,,,,,
Biochemistry,CH38,BILD 1,BILD 2,BIOCHEM Restricted Elective,BIOCHEM Restricted Elective,BIOCHEM Restricted Elective,CHEM 100A,CHEM 108 OR 109,CHEM 108 OR 109,CHEM 114A,CHEM 114B,CHEM 114C,CHEM 126A,CHEM 126B,CHEM 41A,CHEM 41B,CHEM 41C,CHEM 43A,CHEM 6A,CHEM 6B,CHEM 6C,CHEM 7LM OR 7L,CHEM Elective,MATH 10A,MATH 10B,MATH 10C,MATH 11,PHYS 1A,PHYS 1AL,PHYS 1B,PHYS 1BL,PHYS 1C,PHYS 1CL,UD ELECTIVE,,,,,,,,,,
Chinese Studies,CN25,CHIN 10A (M/D/N),CHIN 10B (M/D/N),CHIN 10C (M/D/N),CHIN 20A (M/D/N),CHIN 20B (M/D/N),CHIN 20C (M/D/N),CHINESE STUDIES COLLOQUIUM,CHINESE STUDIES UD ELECTIVE,CHINESE STUDIES UD ELECTIVE,CHINESE STUDIES UD ELECTIVE,CHINESE STUDIES UD ELECTIVE,CHINESE STUDIES UD ELECTIVE,CHINESE STUDIES UD ELECTIVE,CHINESE STUDIES UD ELECTIVE,CHINESE STUDIES UD ELECTIVE,CHINESE STUDIES UD ELECTIVE,CHINESE STUDIES UD ELECTIVE,CHINESE STUDIES UD ELECTIVE,UD ELECTIVE,,,,,,,,,,,,,,,,,,,,,,,,
Classical Studies,CL25,LD Elective,LD Elective,LTLA 1 or LTGK 1,LTLA 1 or LTGK 1,LTLA 2 or LTGK 2,LTLA 2 or LTGK 2,LTLA 3 or LTGK 3,LTLA 3 or LTGK 3,UD ELECTIVE,UD Elective,UD Elective,UD Elective,UD Elective,UD Elective,UD Elective,UD LTGK or UD LTLA,UD LTGK or UD LTLA,UD LTGK or UD LTLA,UD LTGK or UD LTLA,UD LTGK or UD LTLA,UD LTGK or UD LTLA,,,,,,,,,,,,,,,,,,,,,,
Cognitive Science,CG25,COGS 1,COGS 10 or DSGN 1,COGS 13,COGS 14A,COGS 14B (for BS),COGS 17,COGS 18 or CSE (6R or 8A or 11) or BILD 62,COGS CORE,COGS CORE,COGS CORE,COGS CORE,COGS CORE (for BA) or COGS 100 (for BS),COGS CORE (for BA) or COGS 108 (for BS),COGS UD Elective,COGS UD Elective,COGS UD Elective,COGS UD Elective,COGS UD Elective,COGS UD Elective,Math 10A or 20A,Math 10B or 20B,Math 10C if choosing Math 10 series,Math 18 (for BS or BA-Math 20 series),UD ELECTIVE,,,,,,,,,,,,,,,,,,,
Cogn Sci w/Specializ Neurosci,CG29,COGS 1,COGS 10 or DSGN 1,COGS 100,COGS 101A or 101B or 101C,COGS 101A or 101B or 101C,COGS 107A,COGS 107B,COGS 108,COGS 13,COGS 14A,COGS 14B,COGS 17,COGS 18 or CSE (6R or 8A or 11) or BILD 62,COGS UD Elective,COGS UD Elective,COGS UD Elective,COGS UD Elective,COGS UD Elective,COGS UD Elective,Math 10A or 20A,Math 10B or 20B,Math 10C if choosing Math 10 series,Math 18,UD ELECTIVE,,,,,,,,,,,,,,,,,,,
Cogn Sci w/Spec Clin Asp Cogn,CG31,COGS 1,COGS 10 or DSGN 1,COGS 100,COGS 101A or 101B or 101C,COGS 101A or 101B or 101C,COGS 107A,COGS 107B,COGS 108,COGS 13,COGS 14A,COGS 14B,COGS 17,COGS 18 or CSE (6R or 8A or 11) or BILD 62,COGS UD Elective,COGS UD Elective,COGS UD Elective,COGS UD Elective,COGS UD Elective,COGS UD Elective,MATH 10A or 20A,MATH 10B or 20B,MATH 10C if choosing the 10 series,MATH 18,UD ELECTIVE,,,,,,,,,,,,,,,,,,,
Cogn & Behavioral Neuroscience,CG32,1 Computer Programming,1 Natural Science,1 Natural Science,Additional Elective,Additional Elective,CBN CORE,CBN CORE,CBN CORE,CBN Elective,CBN Elective,CBN Elective,CBN Elective,CBN Elective,CBN Elective,CBN Research,CBN Research,COGS 107A,COGS 14A or PSYC 70,COGS 14B or PSYC 60,COGS 17,MATH 10A or 20A,MATH 10B or 20B,MATH 10C or 20C,,,,,,,,,,,,,,,,,,,,
Cogn Sci w/Spec Design & Inter,CG33,COGS 1,COGS 10 or DSGN 1,COGS 100,COGS 101A or 101B or 101C,COGS 101A or 101B or 101C,COGS 107A,COGS 107B,COGS 108,COGS 13,COGS 14A,COGS 14B,COGS 17,COGS 18 or CSE (6R or 8A or 11) BILD 62,COGS UD Elective,COGS UD Elective,COGS UD Elective,COGS UD Elective,COGS UD Elective,COGS UD Elective,MATH 10A or 20A,MATH 10B or 20B,MATH 10C if choosing the 10 series,MATH 18,UD ELECTIVE,,,,,,,,,,,,,,,,,,,
Cogn Sci w/Spec Lang & Culture,CG34,COGS 1,COGS 10 or DSGN 1,COGS 100,COGS 101A or 101B or 101C,COGS 101A or 101B or 101C,COGS 107A,COGS 107B,COGS 108,COGS 13,COGS 14A,COGS 14B,COGS 17,COGS 18 or CSE (6R or 8A or 11) or BILD 62,COGS UD Elective,COGS UD Elective,COGS UD Elective,COGS UD Elective,COGS UD Elective,COGS UD Elective,MATH 10A or 20A,MATH 10B or 20B,MATH 10C if choosing the 10 series,MATH 18,UD ELECTIVE,,,,,,,,,,,,,,,,,,,
Cogn Sci/Spec MachLrn & NuerCp,CG35,COGS 1,COGS 10 or DSGN 1,COGS 100,COGS 101A or 101B or 101C,COGS 101A or 101B or 101C,COGS 107A,COGS 107B,COGS 108,COGS 13,COGS 14A,COGS 14B,COGS 17,COGS 18 or CSE (6R or 8A or 11) or BILD 62,COGS UD Elective,COGS UD Elective,COGS UD Elective,COGS UD Elective,COGS UD Elective,MATH 18,MATH 180A,MATH 20A,MATH 20B,MATH 20C,MATH 20E,UD ELECTIVE,,,,,,,,,,,,,,,,,,
Communication,CM26,COMM 10,COMM 100A,COMM 100B,COMM 100C,COMM 190,COMM Intermediate/Advanced Elective,COMM Intermediate/Advanced Elective,COMM Intermediate/Advanced Elective,COMM Intermediate/Advanced Elective,COMM Intermediate/Advanced Elective,COMM Intermediate/Advanced Elective,COMM Intermediate/Advanced Elective,COMM Intermediate/Advanced Elective,UD ELECTIVE,,,,,,,,,,,,,,,,,,,,,,,,,,,,,
Computer Engineering,CS25,CSE 8B or CSE 11,CSE 12,CSE 29 or ECE 15,CSE 30 or ECE 30,MATH 20A,MATH 20B,MATH 20C or MATH 31BH,MATH 20D,MATH 18 or MATH 31AH,PHYS 2A,PHYS 2B,PHYS 2C,ECE 35,ECE 45,!Open Electives(2): any cse/ece LD or UD,ECE 109 or MATH 11,CSE 140,CSE 141,ECE 101,ECE 108,ECE 111,"!Upper Division Design Project: CSE 118, CSE 145, CSE 147, CSE 148, CSE 170, CSE 176A, CSE
176E, ECE 115, ECE 140B, ECE 144, ECE 191, ECE 196",!Upper Division Electives(10): any UD CSE or ECE class,,,,,,,,,,,,,,,,,,,,
Computer Science,CS26,,"!Abstraction Elective(3): CSE 105, CSE 106, CSE 107, CSE 130, CSE 132A, CSE 140, CSE 150A, DSC 120, MATH 170A, MATH 170B,
MATH 170C, MATH 171A, MATH 171B, MATH 181D, MATH 187A","!Applications Elective(3): CSE 112, CSE 118, CSE 125, CSE 127, CSE 131, CSE 132B, CSE 134B, CSE 135, CSE 136, CSE 140, CSE
140L, CSE 142, CSE 142L, CSE 145, CSE 148, CSE 150B, CSE 151A, CSE 151B, CSE 152A, CSE 152B, CSE
156, CSE 158 or CSE 158R, CSE 163, CSE 165, CSE 166, CSE 167 or CSE 167R, CSE 168 or CSE 168R, CSE
169, CSE 170, CSE 175, CSE 176A, CSE 176E, CSE 181, CSE 182, CSE 184, CSE 185, CSE 193, CSE 194,
COGS 108, COGS 109, COGS 118A, COGS 118B, COGS 118C, COGS 120, COGS 121, COGS 122, COGS 123,
COGS 124, COGS 125, COGS 126, COGS 127, COGS 181, COGS 185, COGS 186, COGS 187A, COGS 187B,
COGS 188, COGS 189, DSGN 100, ECON 172A, ECON 172B, ECE 140A, ECE 140B, ECE 148, ENG
100D/ENG 100L, EDS 124AR, EDS 124BR, LIGN 165, LIGN 167, MATH 114, MATH 155A, MATH 189,
MUS 171, MUS 172, MUS 177, VIS 141A, VIS 141B",CSE 100 or CSE 100R,CSE 101,CSE 110,CSE 12,CSE 29,CSE 20 or MATH 15A or MATH 31CH or MATH 109,CSE 21 or MATH 154 or MATH 184,CSE 30,CSE 8B or CSE 11,"!General Science: PHYS 2A or PHYS 4A, PHYS 2B or PHYS 4B, CHEM 6A or CHEM 6AH, CHEM 6B or CHEM 6BH, BILD 1,
BILD 2, BILD 3, BICD 100, BIMM 101, BIMM 121, COGS 107A, COGS 107B, COGS 115, ESYS 101, HDS 110,
SIO 126, or SIO 128","!Lower Division Elective: CSE 3, CSE 4GS, CSE 6R, CSE 6GS, CSE 8A, CSE 42, CSE 86, CSE 90, CSE 91, CSE 95, CSE 99, CSE 180,
CSE 180R, MAE 8, MAE 9, COGS 9, COGS 10, COGS 18, ECE 15, ENG 10, ENG 15, NANO 15, CENG 15",MATH 18 or MATH 31AH,MATH 20A,MATH 20B,MATH 20C or MATH 31BH,!Open CSE elective(6): https://cse.ucsd.edu/undergraduate/2024-2025-cse-electives-and-technical-electives,!Statistics: MATH 181A or MATH 183 or ECON 120A or ECE 109 or CSE 103,"!Systems Elective(3): CSE 120, CSE 121, CSE 122, CSE 123, CSE 124, CSE 127, CSE 132C, CSE 140, CSE 140L, CSE 141, CSE
141L, CSE 142, CSE 142L, CSE 143, CSE 145, CSE 147, CSE 148, CSE 160, DSC 102, ECE 111, ECE 140A,
ECE 140B",,,,,,,,,,,,,,,,,,,,,,
Comp Sci w/Spec Bioinformatics,CS27,BENG 183,BIBC 102,BICD 100,BILD 1,BILD 3,BILD 4,BIMM 100,BIMM 101,CHEM 40A or CHEM 41A,CHEM 40B or CHEM 41B,CHEM 6A,CHEM 6B,CSE 100,CSE 101,CSE 12,CSE 15L,CSE 181,CSE 182,CSE 185,CSE 21,CSE 30,CSE 8A*,CSE 8B*,CSE ELECTIVE,CSE ELECTIVE,CSE ELECTIVE,CSE ELECTIVE,CSE ELECTIVE,CSE ELECTIVE,MATH 18,MATH 186,MATH 20A,MATH 20B,MATH 20C,PHYS 2A,,,,,,,,
Critical Gender Studies,CR25,CGS 100A,CGS 100B,CGS 2A,CGS 2B,CGS Adv. Course,CGS Adv. Course,CGS Adv. Course,CGS Inter. Course,CGS Inter. Course,CGS Inter. Course,CGS UD Elective,CGS UD Elective,CGS UD Elective,CGS UD Elective,UD ELECTIVE,,,,,,,,,,,,,,,,,,,,,,,,,,,,
Data Science,DS25,COGS 9,DSC 10,DSC 100,DSC 102,DSC 106,DSC 140A*,DSC 140B*,DSC 148*,DSC 180A,DSC 180B,DSC 20,DSC 30,DSC 40A,DSC 40B,DSC 80,DSC 96*,ECON 120A or MATH 183 or MATH 180A*,MATH 18,MATH 189 (if not yet completed),MATH 189 or MATH 181A*,MATH 20A,MATH 20B,MATH 20C,SUBJECT DOMAIN 1,SUBJECT DOMAIN 2,UD Major Elective 1 (if MATH 180A not taken),UD Major Elective 2,UD Major Elective 3,UD Major Elective 4,UD Major Elective 5,,,,,,,,,,,,,
Economics,EN25,ECON 1,ECON 100A,ECON 100B,ECON 100C,ECON 110A,ECON 110B,ECON 120A,ECON 120B,ECON 120C,ECON 3,ECON UD Elective*,ECON UD Elective*,ECON UD Elective*,ECON UD Elective*,ECON UD Elective*,MATH 20A (OR 10A),MATH 20B (OR 10B),MATH 20C (OR 10C),,,,,,,,,,,,,,,,,,,,,,,,,
Joint Major Mathematics & Econ,EN28,ECON 1,ECON 100A,ECON 100B,ECON 100C,ECON 3,MATH 109,MATH 18,MATH 20A,MATH 20B,MATH 20C,MATH 20D,UD Major,UD Major,UD Major,UD Major,UD Major,UD Major,UD Major,UD Major,UD Major,UD Major,UD Major,,,,,,,,,,,,,,,,,,,,,
Business Economics,EN30,ECON 1,ECON 100A,ECON 100B,ECON 110B,ECON 120A,ECON 120B,ECON 3,ECON/POLI 5,MATH 20A (or 10A),MATH 20B (or 10B),MATH 20C (or 10C),MGT 100,MGT 16,MGT 160,MGT 162/162R,MGT 164,MGT 180,MGT 45,MGT 71,UD Elective,UD Elective*,UD Elective*,,,,,,,,,,,,,,,,,,,,,
Education Sciences,ED25,EDS 102,EDS 103,EDS 139,EDS 139,EDS 139,EDS Capstone,EDS Capstone,EDS LD,EDS UD,EDS UD,EDS UD,EDS UD Elective,EDS UD Elective,EDS UD Elective,EDS UD: Intro to Learning Contexts,UD ELECTIVE,,,,,,,,,,,,,,,,,,,,,,,,,,,
Computer Engineering,EC26,CSE 100,CSE 101,CSE 11,CSE 110,CSE 12,CSE 120,CSE 140,CSE 140L,CSE 141,CSE 141L,CSE 15L,CSE 20,CSE 21,CSE 30,CSE LD ELECTIVE,CSE Technical Elective,CSE/ECE Elective,CSE/ECE Elective,CSE/ECE Elective,CSE/ECE Elective,CSE/ECE Elective,ECE 101,ECE 108,ECE 109,ECE 111,ECE 35,ECE 45,ECE 65,MATH 18,MATH 20A,MATH 20B,MATH 20C,MATH 20D,PHYS 2A,PHYS 2B,PHYS 2C,,,,,,,
Electrical Engineering,EC27,CHEM 6A,DESIGN,ECE 100,ECE 101,ECE 102*,ECE 103*,ECE 107*,ECE 109,ECE 15,ECE 164*,ECE 165*,ECE 166*,ECE 25,ECE 30,ECE 35,ECE 45,ECE 5,ECE 65,MATH 18,MATH 20A,MATH 20B,MATH 20C,MATH 20D,MATH 20E,PHYS 2A,PHYS 2B,PHYS 2C,PHYS 2D*,PROFESSIONAL ELECTIVE 1,PROFESSIONAL ELECTIVE 2,TECHNICAL ELECTIVE 1,TECHNICAL ELECTIVE 2,TECHNICAL ELECTIVE 3,TECHNICAL ELECTIVE 4,TECHNICAL ELECTIVE 5,,,,,,,,
Engineering Physics,EC28,CHEM 6A,Depth 1,Depth 2,ECE 100,ECE 101,ECE 102,ECE 103,ECE 107*,ECE 109,ECE 15,ECE 25,ECE 30,ECE 35,ECE 45,ECE 65,Engineering Design,MATH 110,MATH 18,MATH 20A,MATH 20B,MATH 20C,MATH 20D,MATH 20E,PHYS 110A (offered fall only),PHYS 130A*(offered spring only),PHYS 130B*(offered fall only),PHYS 140A(offered fall only),PHYS 2CL,PHYS 2DL,PHYS 4A,PHYS 4B,PHYS 4C,PHYS 4D,PHYS 4E,Professional Elective 1,Professional Elective 2,Professional Elective 3,Technical Elective 1,Technical Elective 2,,,,
Electrical Engin & Society,EC37,CHEM 6A,DEPTH #1,DEPTH #2,DEPTH #3,DEPTH #4,DEPTH #5,DEPTH #6,ECE 100,ECE 101,ECE 102,ECE 103,ECE 107,ECE 109,ECE 15,ECE 25,ECE 30,ECE 35,ECE 45,ECE 65,Engineering Design,MATH 18,MATH 20A,MATH 20B,MATH 20C,MATH 20D,MATH 20E,PHYS 2A,PHYS 2B,PHYS 2C,PHYS 2D,S/H ELECTIVE,S/H ELECTIVE,Technical Elective 1,Technical Elective 2,Technical Elective 3,Technical Elective 4,,,,,,,
Environ Sys (Earth Sciences),ES25,BILD 3,CHEM 6A,CHEM 6B,CHEM 6C,ECON 1,ECON 131**,ESYS 101,ESYS 102,ESYS 103,ESYS 187A,ESYS 187B,ESYS 187C,ESYS MAJOR ELECTIVE,ESYS MAJOR ELECTIVE,ESYS MAJOR ELECTIVE,ESYS MAJOR ELECTIVE,ESYS MAJOR ELECTIVE,MATH 20A,MATH 20B,MATH 20C,MATH 20D,PHYS 2A,PHYS 2B,PHYS 2C,POLI 160AA**,SIO 102,SIO 50,,,,,,,,,,,,,,,,
"Environ Sys (Ecol,Behav&Evol)",ES26,BICD 100,BILD 1,BILD 3,CHEM 6A,CHEM 6B,CHEM 6C,ECON 1,ECON 131**,ESYS 101,ESYS 102,ESYS 103,ESYS 187A,ESYS 187B,ESYS 187C,ESYS MAJOR ELECTIVE,ESYS MAJOR ELECTIVE,ESYS MAJOR ELECTIVE,ESYS MAJOR ELECTIVE,ESYS MAJOR LAB ELECTIVE,MATH 10A,MATH 10B,MATH 11,PHYS 1A,PHYS 1AL,PHYS 1B,PHYS 1BL,PHYS 1C,PHYS 1CL,POLI 160AA**,,,,,,,,,,,,,,
Environ Sys(Environ Chemistry),ES27,BILD 3,CHEM 100A.,CHEM 100B,CHEM 40A,CHEM 40B,CHEM 43A,CHEM 6A,CHEM 6B,CHEM 6C,CHEM 7L,ECON 1,ECON 131**,ESYS 101,ESYS 102,ESYS 103,ESYS 187A,ESYS 187B,ESYS 187C,ESYS MAJOR ELECTIVE,ESYS MAJOR ELECTIVE,ESYS MAJOR ELECTIVE,MATH 20A,MATH 20B,MATH 20C,MATH 20D,PHYS 2A,PHYS 2B,PHYS 2C,PHYS 2CL,POLI 160AA**,,,,,,,,,,,,,
Environ Sys (Environ Policy),ES28,BILD 3,CHEM 6A,CHEM 6B,CHEM 6C,ECON 1,ECON 131**,ECON 2,ESYS 101,ESYS 102,ESYS 103,ESYS 187A,ESYS 187B,ESYS 187C,ESYS MAJOR ELECTIVE,ESYS MAJOR ELECTIVE,ESYS MAJOR ELECTIVE,ESYS MAJOR ELECTIVE,ESYS MAJOR ELECTIVE,MATH 10A,MATH 10B,MATH 11,PHYS 1A,PHYS 1AL,PHYS 1B,PHYS 1BL,PHYS 1C,PHYS 1CL,POLI 160AA**,,,,,,,,,,,,,,,
Ethnic Studies,ET25,ETHN 1 *,ETHN 100A,ETHN 100B,ETHN 100C,ETHN 2 *,ETHN UD,ETHN UD,ETHN UD,ETHN UD,ETHN UD,ETHN UD,ETHN UD,ETHN UD,ETHN UD,ETHN UD,,,,,,,,,,,,,,,,,,,,,,,,,,,,
German Studies,GS25,GS UD Elective,GS UD Elective,GS UD Elective,GS UD Elective,GS UD Elective,History Elective,History Elective,LIGM 1A,LIGM 1AX,LIGM 1B,LIGM 1BX,LIGM 1C,LIGM 1CX,LTGM 100,LTGM 101,LTGM 2A,LTGM 2B,LTGM 2C,LTGM Elective,LTGM Elective,LTGM Elective,UD ELECTIVE,,,,,,,,,,,,,,,,,,,,,
Global Health,GH25,LD Intro Course (e.g. GLBH 20),LD Intro Course (e.g. SOCI 30),Statistics Course,UD GH Core Course,UD GH Core Course,UD GH Core Course,UD GH Core Course (e.g. GLBH 148),UD Global Health Elective,UD Global Health Elective,UD Global Health Elective,UD Global Health Elective,UD Global Health Elective,UD Global Health Elective,UD Global Health Elective,UD Global Health Elective,UD Global Health Elective,UD Global Health Elective,,,,,,,,,,,,,,,,,,,,,,,,,,
Global Health,GH26,BILD 1,BILD 2,BILD 3,CHEM 6A,CHEM 6B,CHEM 6C,CHEM 7L,Lower Division Core,Lower Division Core,MATH 10A,MATH 10B,Statistics Course,UD ELECTIVE,UD GH Core Course,UD GH Core Course,UD GH Core Course,UD GH Core Course (e.g. GLBH 148),UD Global Health Elective,UD Global Health Elective,UD Global Health Elective,UD Global Health Elective,UD Global Health Elective,UD Global Health Elective,UD Global Health Elective,UD Global Health Elective,,,,,,,,,,,,,,,,,,
Global South Studies,GL25,LD GSS 20-27,LD GSS 20-27,LD GSS 20-27,UD ELECTIVE,UD Major - Elective,UD Major - Elective,UD Major - Elective,UD Major - Elective,UD Major - Elective,UD Major - Elective,UD Major - Elective,UD Major - Elective,UD Major - Elective,UD Major - Elective,UD Major - Elective,UD Major - Elective,,,,,,,,,,,,,,,,,,,,,,,,,,,
History,HI25,HILD,HILD,HILD,HILD,HITO 100 or HIUD,HITO 100 or HIUD,HITO 100 or HIUD,HIUD,HIUD,HIUD,HIUD,HIUD,HIUD or Colloquium course numbered 160-190,HIUD or Colloquium course numbered 160-190,HIUD or Colloquium course numbered 160-190,UD ELECTIVE,UD ELECTIVE,,,,,,,,,,,,,,,,,,,,,,,,,,
Public Health,PB25,BILD 3,FMPH 101 or FMPH 102,FMPH 101 or FMPH 102,FMPH 110,FMPH 120 or FMPH 130,FMPH 120 or FMPH 130,FMPH 193,FMPH 194,FMPH 40,FMPH 50,FMPH UDE,LD Biology,LD Biology,SBE,SBE,Statistics (Quantitative Methods),UDE,UDE,UDE,UDE,USP 143,,,,,,,,,,,,,,,,,,,,,,
BS PblHlth w/Con Biostatistics,PB26,BILD 1,BILD 2,BILD 3,Computer Programming,Concentration UDE,Concentration UDE,FMPH 101 or FMPH 102,FMPH 101 or FMPH 102,FMPH 120 or FMPH 130,FMPH 120 or FMPH 130,FMPH 193,FMPH 194,FMPH 40,FMPH 50 or FMPH 110,FMPH 50 or FMPH 110,FMPH UDE,MATH 11,MATH 18,MATH 20A,MATH 20B,MATH 20C,SBE,SBE,UDE,UDE,USP 143,,,,,,,,,,,,,,,,,
BS PblHlth w/Con Clmt&EnvrnSci,PB27,BILD 1,BILD 2,BILD 3,CHEM 6A,CHEM 6B,CHEM 6C,Concentration UDE,Concentration UDE,FMPH 101 or FMPH 102,FMPH 101 or FMPH 102,FMPH 120 or FMPH 130,FMPH 120 or FMPH 130,FMPH 193,FMPH 194,FMPH 40,FMPH 50 or FMPH 110,FMPH 50 or FMPH 110,FMPH UDE,MATH 10A/20A,MATH 10B/20B,MATH 11,SBE,SBE,UDE,UDE,USP 143,,,,,,,,,,,,,,,,,
BS PblHlth w/Con CmntyHlth Sci,PB28,BILD 3,Concentration UDE,Concentration UDE,FMPH 101 or FMPH 102,FMPH 101 or FMPH 102,FMPH 110,FMPH 120 or FMPH 130,FMPH 120 or FMPH 130,FMPH 193,FMPH 194,FMPH 40,FMPH 50,FMPH UDE,LD Biology,LD Biology,SBE,SBE,Statistics (Quantitative Methods),UDE,UDE,USP 143,,,,,,,,,,,,,,,,,,,,,,
BS PblHlth w/Con Epidemiology,PB29,BILD 1,BILD 2,BILD 3,Concentration UDE,Concentration UDE,FMPH 101 or FMPH 102,FMPH 101 or FMPH 102,FMPH 120 or FMPH 130,FMPH 120 or FMPH 130,FMPH 193,FMPH 194,FMPH 40,FMPH 50 or FMPH 110,FMPH 50 or FMPH 110,FMPH UDE,SBE,SBE,Statistics (Quantitative Methods),UDE,UDE,USP 143,,,,,,,,,,,,,,,,,,,,,,
BS PblHlth w/Con HlthPol&Mgmt,PB30,BILD 3,Concentration UDE,Concentration UDE,FMPH 101 or FMPH 102,FMPH 101 or FMPH 102,FMPH 110,FMPH 120 or FMPH 130,FMPH 120 or FMPH 130,FMPH 193,FMPH 194,FMPH 40,FMPH 50,FMPH UDE,LD Biology,LD Biology,SBE,SBE,Statistics (Quantitative Methods),UDE,UDE,USP 143,,,,,,,,,,,,,,,,,,,,,,
BS PblHlth w/Con Medicine Sci,PB31,BILD 1,BILD 2,BILD 3,CHEM 6A,CHEM 6B,CHEM 6C,CHEM 7L,Concentration UDE,Concentration UDE,FMPH 101 or FMPH 102,FMPH 101 or FMPH 102,FMPH 120 or FMPH 130,FMPH 120 or FMPH 130,FMPH 193,FMPH 194,FMPH 40,FMPH 50 or FMPH 110,FMPH 50 or FMPH 110,FMPH UDE,Natural Science,Natural Science,Natural Science,SBE,SBE,Statistics (Quantitative Methods),UDE,UDE,USP 143,,,,,,,,,,,,,,,
Human Developmental Sciences,HS25,HDS 1,HDS 150,HDS 181,HDS 191,HDS Core Course,HDS Core Course,HDS Core Course,HDS Core Course,HDS Development Course,HDS Development Course,HDS Development Course,HDS Development Course,HDS Development Course,LD HDS Statistics,LD Major Prep,LD Major Prep,LD Major Prep,LD Major Prep,LD Major Prep,,,,,,,,,,,,,,,,,,,,,,,,
Human Developmental Sciences,HS26,HDS 1,HDS 150,HDS 181,HDS 191,HDS CORE COURSE,HDS CORE COURSE,HDS CORE COURSE,HDS CORE COURSE,HDS Development Course,HDS Development Course,HDS Development Course,HDS Development Course,HDS Development Course,HDS Methods Elective,LD HDS Statistics,LD Major Prep,LD Major Prep,LD Major Prep,LD Major Prep,LD Major Prep,LD Major Prep,,,,,,,,,,,,,,,,,,,,,,
HumDevSci w/Spec Eqty& Divrsty,HS27,HDS 1,HDS 150,HDS 181,HDS 191,HDS CORE COURSE,HDS CORE COURSE,HDS CORE COURSE,HDS CORE COURSE,HDS Development Course,HDS Development Course,HDS Development Course,HDS E&D Practicum,HDS E&D Specialization,HDS E&D Specialization,LD HDS Statistics,LD Major Prep,LD Major Prep,LD Major Prep,LD Major Prep,LD Major Prep,LD Major Prep,,,,,,,,,,,,,,,,,,,,,,
HumDevSci w/Spec Healthy Aging,HS28,HDS 1,HDS 150,HDS 181,HDS 191,HDS Aging Practicum,HDS Aging Specialization,HDS Aging Specialization,HDS CORE COURSE,HDS CORE COURSE,HDS CORE COURSE,HDS CORE COURSE,HDS Development Course,HDS Development Course,HDS Development Course,LD HDS Statistics,LD Major Prep,LD Major Prep,LD Major Prep,LD Major Prep,LD Major Prep,LD Major Prep,,,,,,,,,,,,,,,,,,,,,,
International Studies-Anthro,IS25,DF1 - ANTHROPOLOGY,DF2 - ANTHROPOLOGY,DF3 - ANTHROPOLOGY (RR2),DF4 - ANTHROPOLOGY,DF5 - ANTHROPOLOGY (RR3),DF6 - ANTHROPOLOGY,DF7 - ANTHROPOLOGY,DF8 - ANTHROPOLOGY,EAP/OAP (RECOMMENDED),IE1 - INTERDISC ELECT (RR1),IE2 - INTERDISC ELECT,IE3 - INTERDISC ELECT,INTL 101 or 102,INTL 101 or 102,INTL 190,LANGUAGE,LANGUAGE,LANGUAGE,LANGUAGE,,,,,,,,,,,,,,,,,,,,,,,,
International Studies-Econ,IS26,DF1 - ECONOMICS,DF2 - ECONOMICS,DF3 - ECONOMICS,DF4 - ECONOMICS,DF5 - ECONOMICS,DF6 - ECONOMICS,DF7 - ECONOMICS,DF8 - ECONOMICS,EAP/OAP (RECOMMENDED),ECON 1,ECON 2,ECON 3,IE1 - INTERDISC ELECT (RR1),IE2 - INTERDISC ELECT (RR2),IE3 - INTERDISC ELECT (RR3),INTL 101 or 102,INTL 101 or 102,INTL 190,LANGUAGE,LANGUAGE,LANGUAGE,LANGUAGE,MATH 10A OR 20A,MATH 10B OR 20B,MATH 10C OR 20C,,,,,,,,,,,,,,,,,,
International Studies-History,IS27,DF1 - HISTORY,DF2 - HISTORY,DF3 - HISTORY (RR2),DF4 - HISTORY,DF5 - HISTORY (RR3),DF6 - HISTORY,DF7 - HISTORY,DF8 - HISTORY,EAP/OAP (RECOMMENDED),IE1 - INTERDISC ELECT (RR1),IE2 - INTERDISC ELECT,IE3 - INTERDISC ELECT,INTL 101 or 102,INTL 101 or 102,INTL 190,LANGUAGE,LANGUAGE,LANGUAGE,LANGUAGE,,,,,,,,,,,,,,,,,,,,,,,,
International Studies-Linguist,IS28,DF1 - LINGUISTICS (LIGN 101),DF2 - LINGUISTICS,DF3 - LINGUISTICS (RR2),DF4 - LINGUISTICS,DF5 - LINGUISTICS (RR3),DF6 - LINGUISTICS,DF7 - LINGUISTICS,DF8 - LINGUISTICS,EAP/OAP (RECOMMENDED),IE1 - INTERDISC ELECT (RR1),IE2 - INTERDISC ELECT,IE3 - INTERDISC ELECT,INTL 101 or 102,INTL 101 or 102,INTL 190,LANGUAGE,LANGUAGE,LANGUAGE,LANGUAGE,,,,,,,,,,,,,,,,,,,,,,,,
International Studies-Lit,IS29,DF1 - LITERATURE,DF2 - LITERATURE,DF3 - LITERATURE,DF4 - LITERATURE (RR2),DF5 - LITERATURE (RR3),DF6 - LITERATURE,DF7 - LITERATURE,DF8 - LITERATURE,EAP/OAP (RECOMMENDED),IE1 - INTERDISC ELECT (RR1),IE2 - INTERDISC ELECT,IE3 - INTERDISC ELECT,INTL 101 or 102,INTL 101 or 102,INTL 190,LANGUAGE,LANGUAGE,LANGUAGE,LANGUAGE,,,,,,,,,,,,,,,,,,,,,,,,
International Studies-Poli Sci,IS30,DF1 - POLI SCI,DF2 - POLI SCI,DF3 - POLI SCI,DF4 - POLI SCI (RR2),DF5 - POLI SCI (RR3),DF6 - POLI SCI,DF7 - POLI SCI,DF8 - POLI SCI,EAP/OAP (RECOMMENDED),IE1 - INTERDISC ELECT (RR1),IE2 - INTERDISC ELECT,IE3 - INTERDISC ELECT,INTL 101 or 102,INTL 101 or 102,INTL 190,LANGUAGE,LANGUAGE,LANGUAGE,LANGUAGE,,,,,,,,,,,,,,,,,,,,,,,,
International Studies-Sociol,IS31,DF1 - SOCIOLOGY,DF2 - SOCIOLOGY,DF3 - SOCIOLOGY (RR2),DF4 - SOCIOLOGY,DF5 - SOCIOLOGY (RR3),DF6 - SOCIOLOGY,DF7 - SOCIOLOGY,DF8 - SOCIOLOGY,EAP/OAP (RECOMMENDED),IE1 - INTERDISC ELECT (RR1),IE2 - INTERDISC ELECT,IE3 - INTERDISC ELECT,INTL 101 or 102,INTL 101 or 102,INTL 190,LANGUAGE,LANGUAGE,LANGUAGE,LANGUAGE,,,,,,,,,,,,,,,,,,,,,,,,
International Studies-Intl Bus,IS34,DF1 - MGT 103,DF2 - MGT 164,DF3 - MGT 181 OR 187,DF4 - MGT ELECTIVE,DF5 - MGT 112,DF6 - MGT 166,DF7 - MGT ELECTIVE,DF8 - MGT ELECTIVE,EAP/OAP (RECOMMENDED),ECON/MGT 4,IE/RR1 - Interdisciplinary Elective/Regional Requirement,IE/RR2 - Interdisciplinary Elective/Regional Requirement,IE/RR3- Interdisciplinary Elective/Regional Requirement,INTL 101 OR 102,INTL 101 OR 102,INTL 190,LANGUAGE,LANGUAGE,LANGUAGE,LANGUAGE,MATH 10A OR 20A,MATH 10B OR 20B,MATH 10C OR 20C,MGT 5,,,,,,,,,,,,,,,,,,,
International Studies-Phil,IS36,DF-1 - PHILOSOPHY,DF-2 - PHILOSOPHY,DF-3 - PHILOSOPHY,DF-4 - PHILOSOPHY,DF-5 - PHILOSOPHY,DF-6 - PHILOSOPHY,DF-7 - PHILOSOPHY,DF-8 - PHILOSOPHY,EAP/OAP (RECOMMENDED),IE/RR1 - Interdisciplinary Elective/Regional Requirement,IE/RR2 - Interdisciplinary Elective/Regional Requirement,IE/RR3 - Interdisciplinary Elective/Regional Requirement,INTL 101 or 102,INTL 101 or 102,INTL 190,LANGUAGE,LANGUAGE,LANGUAGE,LANGUAGE,PHIL 10,,,,,,,,,,,,,,,,,,,,,,,
Italian Studies,IT25,IS Dept 1,IS Dept 2,IS Dept 3,IS UD Elective,IS UD Elective,IS UD Elective,IS UD Elective,IS UD Elective,IS UD Elective,IS UD Elective,IS UD Elective,IS UD Elective,LIIT 1A,LIIT 1AX,LIIT 1B,LIIT 1BX,LIIT 1C,LIIT 1CX,LTIT 2A,LTIT 2B,LTIT 50,UD ELECTIVE,,,,,,,,,,,,,,,,,,,,,
Japanese Studies,JA25,HILD 10,HILD 11,HILD 12,JAPN 10A,JAPN 10B,JAPN 10C,JAPN 130A,JAPN 130B,JAPN 130C,JAPN 140A,JAPN 140B,JAPN 140C,JAPN 190,JAPN 20A,JAPN 20B,JAPN 20C,UD ELECTIVE,UD JS NON-LANG. ELECTIVE,UD JS NON-LANG. ELECTIVE,UD JS NON-LANG. ELECTIVE,UD JS NON-LANG. ELECTIVE,UD JS NON-LANG. ELECTIVE,,,,,,,,,,,,,,,,,,,,,
Jewish Studies,JS25,JWSP 1,"JWSP 101 or JWSP 104 or LIAB 1A/AX, LIFR 1A/AX, LIGM 1A/AX, LIIT 1A/AX, LTRU 1A","JWSP 102 or JWSP 104 or LIAB 1B/BX, LIFR 1B/BX, LIGM 1B/BX, LIIT 1B/BX, LTRU 1B","JWSP 103 or JWSP 104 LIAB 1C/CX, LIFR 1B/BX, LIGM 1B/BX, LIIT 1B/BX, LTRU 1C",JWSP 2,JWSP 3,UD ELECTIVE,UD JWSP Elective,UD JWSP Elective,UD JWSP Elective,UD JWSP Elective,UD JWSP Elective,UD JWSP Elective,UD Survey Course: 1648 to present,UD Survey Course: Elective,UD Survey Course: pre-1648,,,,,,,,,,,,,,,,,,,,,,,,,,,
Latin American Studies,LA25,LATI 10,LATI 180,LATI 190,LATI 50,LATI Core Course,LATI Core Course,LATI Core Course,LATI Method,LATI UD Elective,LATI UD Elective,LATI UD Elective,LATI UD Elective,LATI UD Elective,LATI UD Elective,LISP 1A/1AX,LISP 1B/1BX,LISP 1C/1CX,LTSP 2A,UD ELECTIVE,,,,,,,,,,,,,,,,,,,,,,,,
Latin Am Stu (Con in Mexico),LA26,LATI 10,LATI 150,LATI 180,LATI 190,LATI 50,LATI Core,LATI Core,LATI Core,LATI Method,LATI UG Elective,LATI UG Elective (Con in Mexico),LATI UG Elective (Con in Mexico),LATI UG Elective (Con in Mexico),LATI UG Elective (Con in Mexico),LATI UG Elective (Con in Mexico),LISP 1A/1AX,LISP 1B/1BX,LISP 1C/1CX,LTSP 2A,UD ELECTIVE,,,,,,,,,,,,,,,,,,,,,,,
Latin Am Stu (Con Mig&Brdr St),LA27,LATI 10,LATI 150,LATI 180,LATI 190,LATI 50,LATI Core,LATI Core,LATI Core,LATI Method,LATI UG Elective,LATI UG Elective (Con in Mig&Border),LATI UG Elective (Con in Mig&Border),LATI UG Elective (Con in Mig&Border),LATI UG Elective (Con in Mig&Border),LISP 1A/1AX,LISP 1B/1BX,LISP 1C/1CX,LTSP 2A,UD ELECTIVE,,,,,,,,,,,,,,,,,,,,,,,,
Linguistics,LN25,LIGN 101,LIGN 110,LIGN 111,LIGN 120,LIGN 121,LIGN 130,LIGN ELECTIVE,LIGN Elective,LIGN Elective,LIGN Elective,LIGN Elective,LIGN Elective or other*,UD ELECTIVE,language requirement,language requirement,language requirement,language requirement,,,,,,,,,,,,,,,,,,,,,,,,,,
Linguistics(Spec Lang&Society),LN29,LIGN 101,LIGN 110,LIGN 111,LIGN 120,LIGN 121,LIGN 130,"LIGN 174, 175, OR 177",LIGN ELECTIVE,LIGN ELECTIVE,LIGN ELECTIVE,UD ELECTIVE,UD ELECTIVE FROM APPROVED LIST*,UD ELECTIVE FROM APPROVED LIST*,language requirement,language requirement,language requirement,language requirement,,,,,,,,,,,,,,,,,,,,,,,,,,
Linguistics(Spec Cogn & Lang),LN32,LIGN 101,LIGN 110,LIGN 111,LIGN 120,LIGN 121,LIGN 130,LIGN ELECTIVE FROM LIST *,LIGN ELECTIVE FROM LIST *,LIGN ELECTIVE FROM LIST *,LIGN ELECTIVE FROM LIST *,LIGN ELECTIVE**,LIGN ELECTIVE**,UD ELECTIVE,language requirement,language requirement,language requirement,language requirement,,,,,,,,,,,,,,,,,,,,,,,,,,
Language Studies,LN33,"LIGN ""STRUCTURE OF""",LIGN 101,LIGN CORE COURSE **,LIGN CORE COURSE **,LIGN CORE COURSE **,LIGN Elective,UD AREA STUDIES OR UD LIGN ELECTIVE ****,"UD AREA STUDIES, UD LIT, OR UD LIGN ELECTIVE ****","UD AREA STUDIES, UD LIT, OR UD LIGN ELECTIVE ****","UD AREA STUDIES, UD LIT, OR UD LIGN ELECTIVE ****",UD ELECTIVE,UD LIT ELECTIVE ***,UD LIT ELECTIVE ***,language requirement,language requirement,language requirement,language requirement,language requirement,language requirement,language requirement,,,,,,,,,,,,,,,,,,,,,,,
Linguistics(Spec Spch&LangSci),LN34,COGS 14B or PSYC 60 (stats requirement),DOC1/DEI,LIGN 101,LIGN 110,LIGN 111,LIGN 112 or 113,LIGN 120,LIGN 121,LIGN 130,Language Development elective*,Ling elective***,Ling elective***,Ling elective***,Neuro ling elective**,UD ELECTIVE,language requirement,language requirement,language requirement,language requirement,,,,,,,,,,,,,,,,,,,,,,,,
Spanish Literature,LT33,LD LTEN,LISP 1A/1AX,LISP 1B/1BX,LISP 1C/1CX,LTSP 100A or 100B,LTSP 2A,LTSP 2B,LTSP 2C,UD ELECTIVE,UD LTSP,UD LTSP,UD LTSP,UD LTSP,UD LTSP,UD LTSP,UD LTSP,UD LTSP - PRE-1900,UD Literature Elective,UD Literature Elective,UD Literature Elective,,,,,,,,,,,,,,,,,,,,,,,
Literature/Writing,LT34,LD LTEN OR GSS,LD LTEN OR GSS,LD Language,LD Language,LD Language,LD Language,LD Language,LD Language,LTEN 26,LTWR 14X,LTWR 8A OR LTWR 8B OR LTWR 8C,LTWR 8A OR LTWR 8B OR LTWR 8C,LTWR 8A OR LTWR 8B OR LTWR 8C,UD ELECTIVE,UD LIT ELECTIVE,UD LIT ELECTIVE,UD LTAF or UD LTAM or UD LTEA or UD LTEU or UD LTWL,UD LTAM,UD LTEU,UD LTWR,UD LTWR,UD LTWR,UD LTWR,UD LTWR,UD LTWR,,,,,,,,,,,,,,,,,,
Literatures in English,LT36,LD Language,LD Language,LD Language,LD Language,LD Language,LD Language,"LTCS 100, LTTH 110, OR LTTH 115",LTEN 21,LTEN 22,LTEN 23,LTEN 25,LTEN 26,"LTEN 27, 28, OR 29",UD ELECTIVE,UD LTAF or UD LTAM or UD LTEA or UD LTEU or UD LTWL,UD LTAM,UD LTEN,UD LTEN,UD LTEN,UD LTEN,"UD LTEN (A, B, C, OR D)","UD LTEN (A, B, C, OR D)","UD LTEN (A, B, C, OR D)","UD LTEN (A, B, C, OR D)",UD LTEU,,,,,,,,,,,,,,,,,,
World Literature and Culture,LT41,LD LIT SEQUENCE,LD LIT SEQUENCE,LD LIT SEQUENCE,LD Language,LD Language,LD Language,LD Language,LD Language,LD Language,UD ELECTIVE,UD LIT COURSE (CONCENTRATION),UD LIT COURSE (CONCENTRATION),UD LIT COURSE (CONCENTRATION),UD LIT COURSE (CONCENTRATION),UD LIT COURSE (CONCENTRATION),UD LIT COURSE (CONCENTRATION),UD LIT ELECTIVE,UD LIT ELECTIVE,UD LIT ELECTIVE,UD LTAF or UD LTAM or UD LTEA or UD LTEU or UD LTWL,UD LTAM,UD LTEU,,,,,,,,,,,,,,,,,,,,,
Mathematics (Applied),MA27,CSE 11,MATH 109 or MATH 20D,MATH 18,MATH 20A,MATH 20B,MATH 20C,MATH 20D or MATH 109,MATH 20E,UD Major,UD Major,UD Major,UD Major,UD Major,UD Major,UD Major,UD Major,UD Major,UD Major,UD Major,UD Major,,,,,,,,,,,,,,,,,,,,,,,
Mathematics,MA29,MATH 18,MATH 20A,MATH 20B,MATH 20C,MATH 20D or MATH 109,MATH 20D or MATH 109,MATH 20E,UD Major,UD Major,UD Major,UD Major,UD Major,UD Major,UD Major,UD Major,UD Major,UD Major,UD Major,UD Major,,,,,,,,,,,,,,,,,,,,,,,,
Mathematics-Computer Science,MA30,CSE 11,CSE 12,CSE 15L,CSE 30,MATH 109 or MATH 20D,MATH 154 or 184,MATH 18,MATH 183 or UD Major,MATH 20A,MATH 20B,MATH 20C,MATH 20D or MATH 109,MATH 20E,UD Major,UD Major,UD Major,UD Major,UD Major,UD Major,UD Major,UD Major,UD Major,UD Major,UD Major,,,,,,,,,,,,,,,,,,,
Mathematics/Applied Science,MA31,CSE 11,MATH 109 or MATH 20D,MATH 18,MATH 20A,MATH 20B,MATH 20C,MATH 20D or MATH 109,MATH 20E,UD Major,UD Major,UD Major,UD Major,UD Major,UD Major,UD Major,UD Major,UD Major,UD Major,UD Major,UD Major,UD Major,,,,,,,,,,,,,,,,,,,,,,
Mathematics/Secondary Educ,MA32,EDS 129A,EDS 129B,EDS 129C,MATH 109 or MATH 20D,MATH 18,MATH 20A,MATH 20B,MATH 20C,MATH 20D or MATH 109,MATH 20E,UD Major,UD Major,UD Major,UD Major,UD Major,UD Major,UD Major,UD Major,UD Major,,,,,,,,,,,,,,,,,,,,,,,,
Joint Major Mathematics & Econ,MA33,ECON 1,ECON 3,MATH 109 or MATH 20D,MATH 18,MATH 20A,MATH 20B,MATH 20C,MATH 20D or MATH 109,UD Major,UD Major,UD Major,UD Major,UD Major,UD Major,UD Major,UD Major,UD Major,UD Major,UD Major,UD Major,UD Major,UD Major,,,,,,,,,,,,,,,,,,,,,
Probability & Statistics,MA35,CSE 11,MATH 109 or MATH 20D,MATH 18,MATH 180A,MATH 180B,MATH 180C,MATH 181A,MATH 181B,MATH 20A,MATH 20B,MATH 20C,MATH 20D or MATH 109,MATH 20E,UD Major,UD Major,UD Major,UD Major,UD Major,UD Major,UD Major,UD Major,,,,,,,,,,,,,,,,,,,,,,
Mathematical Biology,MA36,BILD 1,BILD 2,BILD 4,Chemistry / Physics Course*,Chemistry / Physics Course*,GE*,MATH 109 or MATH 20D,MATH 11,MATH 18,MATH 20A,MATH 20B,MATH 20C,MATH 20D or MATH 109,MATH 20E,Programming Course,UD Elective,UD Elective,UD Elective,UD Elective,UD Elective,UD Elective,UD Elective,UD Elective,UD Elective,UD Elective,UD Elective,UD Elective (MATH 174),,,,,,,,,,,,,,,,
Aerospace Engineering,MC25,CHEM 6A,MAE 101A,MAE 101B,MAE 104,MAE 105,MAE 107,MAE 11,MAE 113,MAE 131A,MAE 142,MAE 143A,MAE 143B,MAE 155A,MAE 155B,MAE 170,MAE 175A,MAE 2,MAE 21,MAE 30A,MAE 30B,MAE 8,MATH 18,MATH 20A,MATH 20B,MATH 20C,MATH 20D,MATH 20E,PHYS 2A,PHYS 2B,PHYS 2C & 2CL,SE 160A,TE,TE,TE,TE,TE,,,,,,,
Mechanical Engineering,MC27,CHEM 6A,MAE 101A,MAE 101B,MAE 101C,MAE 105,MAE 107,MAE 11,MAE 131A,MAE 143A,MAE 143B,MAE 150,MAE 156A,MAE 156B,MAE 160 or MAE 131B,MAE 170,MAE 171A,MAE 20,MAE 3,MAE 30A,MAE 30B,MAE 40,MAE 8,MATH 18,MATH 20A,MATH 20B,MATH 20C,MATH 20D,MATH 20E,PHYS 2A,PHYS 2B,PHYS 2C,TE,TE,TE,TE,TE,,,,,,,
MechEngW/SpecRnEnergy&EnvFlows,MC30,CHEM 6A,MAE 101A,MAE 101B,MAE 101C,MAE 105,MAE 107,MAE 11,MAE 131A,MAE 131B or MAE 160,MAE 143A,MAE 143B,MAE 150,MAE 156A,MAE 156B,MAE 170,MAE 171A,MAE 20,MAE 3,MAE 30A,MAE 30B,MAE 40,MAE 8,MATH 18,MATH 20A,MATH 20B,MATH 20C,MATH 20D,MATH 20E,PHYS 2A,PHYS 2B,PHYS 2C,TE,TE,TE,TE,TE,,,,,,,
MechEngW/SpecMechanics of Mat,MC31,CHEM 6A,MAE 101A,MAE 101B,MAE 101C,MAE 105,MAE 107,MAE 11,MAE 131A,MAE 131B or MAE 160,MAE 143A,MAE 143B,MAE 150,MAE 156A,MAE 156B,MAE 170,MAE 171A,MAE 20,MAE 3,MAE 30A,MAE 30B,MAE 40,MAE 8,MATH 18,MATH 20A,MATH 20B,MATH 20C,MATH 20D,MATH 20E,PHYS 2A,PHYS 2B,PHYS 2C,TE,TE,TE,TE,TE,,,,,,,
MechEngW/Spec Material Sci&Eng,MC32,CHEM 6A,MAE 101A,MAE 101B,MAE 101C,MAE 105,MAE 107,MAE 11,MAE 131A,MAE 131B or MAE 160,MAE 143A,MAE 143B,MAE 150,MAE 156A,MAE 156B,MAE 170,MAE 171A,MAE 20,MAE 3,MAE 30A,MAE 30B,MAE 40,MAE 8,MATH 18,MATH 20A,MATH 20B,MATH 20C,MATH 20D,MATH 20E,PHYS 2A,PHYS 2B,PHYS 2C,TE,TE,TE,TE,TE,,,,,,,
MechEngW/SpecFluidMech&ThrmlSy,MC33,CHEM 6A,MAE 101A,MAE 101B,MAE 101C,MAE 105,MAE 107,MAE 11,MAE 131A,MAE 131B or MAE 160,MAE 143A,MAE 143B,MAE 150,MAE 156A,MAE 156B,MAE 170,MAE 171A,MAE 20,MAE 3,MAE 30A,MAE 30B,MAE 40,MAE 8,MATH 18,MATH 20A,MATH 20B,MATH 20C,MATH 20D,MATH 20E,PHYS 2A,PHYS 2B,PHYS 2C,TE,TE,TE,TE,TE,,,,,,,
MechEngW/Spec Cntrl & Robotics,MC34,CHEM 6A,MAE 101A,MAE 101B,MAE 101C,MAE 105,MAE 107,MAE 11,MAE 131A,MAE 131B or MAE 160,MAE 143A,MAE 143B,MAE 150,MAE 156A,MAE 156B,MAE 170,MAE 171A,MAE 20,MAE 3,MAE 30A,MAE 30B,MAE 40,MAE 8,MATH 18,MATH 20A,MATH 20B,MATH 20C,MATH 20D,MATH 20E,PHYS 2A,PHYS 2B,PHYS 2C,TE,TE,TE,TE,TE,,,,,,,
AeroEng w/Spec FlightDyn&Contl,MC35,CHEM 6A,MAE 02,MAE 08,MAE 101A,MAE 101B,MAE 104,MAE 105,MAE 107,MAE 11,MAE 113,MAE 131A,MAE 142,MAE 143A,MAE 143B,MAE 155A,MAE 155B,MAE 170,MAE 175A,MAE 21,MAE 30A,MAE 30B,MATH 18,MATH 20A,MATH 20B,MATH 20C,MATH 20D,MATH 20E,PHYS 2A,PHYS 2B,PHYS 2C & 2CL,SE 160A,TE,TE,TE,TE,TE,,,,,,,
AeroEng w/Spec Astrodynm&SpcAp,MC36,CHEM 6A,MAE 02,MAE 08,MAE 101A,MAE 101B,MAE 104,MAE 105,MAE 107,MAE 11,MAE 113,MAE 131A,MAE 142,MAE 143B,MAE 143B,MAE 155A,MAE 155B,MAE 170,MAE 175A,MAE 21,MAE 30A,MAE 30B,MATH 18,MATH 20A,MATH 20B,MATH 20C,MATH 20D,MATH 20E,PHYS 2A,PHYS 2B,PHYS 2C & 2CL,SE 160A,TE,TE,TE,TE,TE,,,,,,,
AeroEng w/Spec Aerothermodynam,MC37,CHEM 6A,MAE 02,MAE 08,MAE 101A,MAE 101B,MAE 104,MAE 105,MAE 107,MAE 11,MAE 113,MAE 131A,MAE 142,MAE 143A,MAE 143B,MAE 155A,MAE 155B,MAE 170,MAE 175A,MAE 21,MAE 30A,MAE 30B,MATH 18,MATH 20A,MATH 20B,MATH 20C,MATH 20D,MATH 20E,PHYS 2A,PHYS 2B,PHYS 2C & 2CL,SE 160A,TE,TE,TE,TE,TE,,,,,,,
Music,MU25,Ensemble,Ensemble,Ensemble,MUS 101A,MUS 101B,MUS 101C,MUS 120A,MUS 120B,MUS 120C,MUS 2A,MUS 2AK,MUS 2B,MUS 2BK,MUS 2C,MUS 2CK,MUS 43,MUS 43,MUS 43,MUS 43,MUS 43,MUS 43,MUS 43,MUS 43,MUS 43,MUS 43,MUS 43,MUS 43,MUS UD Elective,MUS UD Elective,MUS UD Elective,MUS UD Emphasis,MUS UD Emphasis,MUS UD Emphasis,UD ELECTIVE,,,,,,,,,
Music Humanities,MU26,Ensemble,Ensemble,Ensemble,MUS 120A,MUS 120B,MUS 120C,MUS 1A or 2A,MUS 1B or 2B,MUS 1C or 2C,MUS 43,MUS 43,MUS 43,MUS 43,MUS 43,MUS 43,MUS 43,MUS 43,MUS 43,MUS 43,MUS 43,MUS 43,MUS UD Elective,MUS UD Elective,MUS UD Elective,UD ELECTIVE,UD Focus Course,UD Focus Course,UD Focus Course,UD Focus Course,UD Focus Course,UD Focus Course,,,,,,,,,,,,
Interdisc Computing & the Arts,MU27,CSE 11,LD Beginning Practice,LD Restricted Elective,LD Restrictive Elective,LD Theory and History,MATH 20A,MATH 20B,MUS 160A,MUS 160B,MUS 43,MUS 43,MUS 43,MUS 43,UD Advanced Practice,UD ELECTIVE,UD Elective,UD Elective,UD Foundation,UD Foundation,UD Foundation,UD History,UD Practice,UD Practice,UD Theory & History,VIS 41,,,,,,,,,,,,,,,,,,
NanoEngineering,NA25,BILD 1,CHEM 6A,CHEM 6B,CHEM 6C,CHEM 7L,MATH 18***,MATH 20A,MATH 20B,MATH 20C,MATH 20D,MATH 20E,NANO 102,NANO 104,NANO 107,NANO 108,NANO 11,NANO 110,NANO 111,NANO 112,NANO 115L,NANO 117,NANO 119,NANO 120A,NANO 120B,NANO 148,NANO 15**,NANO 20L,NANO 4*,NE ELECTIVE 1****,NE ELECTIVE 2,NE ELECTIVE 3,NE ELECTIVE 4,NE ELECTIVE 5,PHYS 2A,PHYS 2B,PHYS 2C,PHYS 2D,,,,,,
Philosophy,PL25,LD PHIL,LD PHIL,PHIL 10,PHIL 110,PHIL 111,PHIL 112,PHIL 120,UD ELECTIVE,UD PHIL,UD PHIL,UD PHIL,UD PHIL,UD PHIL,UD PHIL,UD PHIL,UD PHIL,,,,,,,,,,,,,,,,,,,,,,,,,,,
Physics-Biophysics,PY26,MATH 18,MATH 20A,MATH 20B,MATH 20C,MATH 20D,MATH 20E,PHYS 100A,PHYS 100B,PHYS 105A,PHYS 110A,PHYS 120,PHYS 130A,PHYS 130B,PHYS 140A,PHYS 2CL,PHYS 2DL,PHYS 4A,PHYS 4B,PHYS 4C,PHYS 4D,PHYS 4E,PHYS LD BREADTH,PHYS LD BREADTH,PHYS LD BREADTH,PHYS LD BREADTH,PHYS LD BREADTH,PHYS LD BREADTH,PHYS LD BREADTH,PHYS UD DEPTH,PHYS UD DEPTH,PHYS UD DEPTH,PHYS UD LAB,PHYS UD RE,PHYS UD RE,Programming,,,,,,,,
Physics w/Specializ Earth Scis,PY28,MATH 18,MATH 20A,MATH 20B,MATH 20C,MATH 20D,MATH 20E,PHYS 100A,PHYS 100B,PHYS 105A,PHYS 110A,PHYS 120,PHYS 130A,PHYS 130B,PHYS 140A,PHYS 2CL,PHYS 2DL,PHYS 4A,PHYS 4B,PHYS 4C,PHYS 4D,PHYS 4E,PHYS LD BREADTH,PHYS UD DEPTH,PHYS UD DEPTH,PHYS UD LAB,PHYS UD RE,PHYS UD RE,PHYS UD RE,Programming,,,,,,,,,,,,,,
Physics,PY29,MATH 18,MATH 20A,MATH 20B,MATH 20C,MATH 20D,MATH 20E,PHYS 100A,PHYS 100B,PHYS 105A,PHYS 110A,PHYS 120,PHYS 130A,PHYS 130B,PHYS 140A,PHYS 2CL,PHYS 2DL,PHYS 4A,PHYS 4B,PHYS 4C,PHYS 4D,PHYS 4E,PHYS UD DEPTH,PHYS UD DEPTH,PHYS UD LAB,PHYS UD RE,PHYS UD RE,PHYS UD RE,Programming,,,,,,,,,,,,,,,
General Physics,PY30,MATH 18,MATH 20A,MATH 20B,MATH 20C,MATH 20D,MATH 20E,PHYS 100A,PHYS 100B,PHYS 110A,PHYS 120,PHYS 130A,PHYS 2CL,PHYS 2DL,PHYS 4A,PHYS 4B,PHYS 4C,PHYS 4D,PHYS 4E,PHYS UD RE,PHYS UD RE,PHYS UD RE,PHYS UD RE,PHYS UD RE,PHYS UD RE,PHYS UD RE,Programming,UD ELECTIVE,,,,,,,,,,,,,,,,
General Physics/Secondary Educ,PY31,EDS 129A,EDS 129B,EDS 129C,MATH 18,MATH 20A,MATH 20B,MATH 20C,MATH 20D,MATH 20E,PHYS 100A,PHYS 100B,PHYS 110A,PHYS 120,PHYS 130A,PHYS 2CL,PHYS 2DL,PHYS 4A,PHYS 4B,PHYS 4C,PHYS 4D,PHYS 4E,PHYS UD RE,PHYS UD RE,PHYS UD RE,PHYS UD RE,Programming,UD ELECTIVE,,,,,,,,,,,,,,,,
Physics w/Specializ Mtrls Phys,PY32,MATH 18,MATH 20A,MATH 20B,MATH 20C,MATH 20D,MATH 20E,PHYS 100A,PHYS 100B,PHYS 105A,PHYS 110A,PHYS 120,PHYS 130A,PHYS 130B,PHYS 140A,PHYS 2CL,PHYS 2DL,PHYS 4A,PHYS 4B,PHYS 4C,PHYS 4D,PHYS 4E,PHYS LD BREADTH,PHYS LD BREADTH,PHYS UD DEPTH,PHYS UD DEPTH,PHYS UD LAB,PHYS UD RE,PHYS UD RE,PHYS UD RE,Programming,,,,,,,,,,,,,
Phys w/Spec Computational Phys,PY33,MATH 18,MATH 20A,MATH 20B,MATH 20C,MATH 20D,MATH 20E,PHYS 100A,PHYS 100B,PHYS 105A,PHYS 110A,PHYS 120,PHYS 130A,PHYS 130B,PHYS 140A,PHYS 2CL,PHYS 2DL,PHYS 4A,PHYS 4B,PHYS 4C,PHYS 4D,PHYS 4E,PHYS UD DEPTH,PHYS UD DEPTH,PHYS UD DEPTH,PHYS UD LAB,PHYS UD RE,PHYS UD RE,Programming,,,,,,,,,,,,,,,
Physics w/Specializ Astrophys,PY34,MATH 18,MATH 20A,MATH 20B,MATH 20C,MATH 20D,MATH 20E,PHYS 100A,PHYS 100B,PHYS 105A,PHYS 110A,PHYS 120,PHYS 130A,PHYS 130B,PHYS 140A,PHYS 2CL,PHYS 2DL,PHYS 4A,PHYS 4B,PHYS 4C,PHYS 4D,PHYS 4E,PHYS UD DEPTH,PHYS UD DEPTH,PHYS UD DEPTH,PHYS UD LAB,PHYS UD RE,PHYS UD RE,Programming,,,,,,,,,,,,,,,
Political Science,PS25,LD POLI,LD POLI,LD POLI,POLI 30(D),UD POLI,UD POLI,UD POLI,UD POLI,UD POLI,UD POLI,UD POLI,UD POLI,UD POLI,UD POLI,UD POLI,UD POLI,UD POLI,,,,,,,,,,,,,,,,,,,,,,,,,,
Political Sci/Amer Politics,PS26,DOC 1/ DEI,LD POLI,LD POLI,POLI 10D,POLI 30D,UD ELECTIVE,UD POLI,UD POLI,UD POLI,UD POLI,UD POLI,UD POLI,UD POLI,UD POLI/American Politics,UD POLI/American Politics,UD POLI/American Politics,UD POLI/American Politics,UD POLI/American Politics,,,,,,,,,,,,,,,,,,,,,,,,,
Political Sci/Compar Politics,PS27,LD POLI,LD POLI,POLI 11D,POLI 30D,UD ELECTIVE,UD POLI,UD POLI,UD POLI,UD POLI,UD POLI,UD POLI,UD POLI,UD POLI/Comparative Politics,UD POLI/Comparative Politics,UD POLI/Comparative Politics,UD POLI/Comparative Politics,UD POLI/Comparative Politics,,,,,,,,,,,,,,,,,,,,,,,,,,
Political Sci/Intntl Relations,PS28,LD POLI,LD POLI,POLI 12D,POLI 30D,UD ELECTIVE,UD POLI,UD POLI,UD POLI,UD POLI,UD POLI,UD POLI,UD POLI,UD POLI/International Relations,UD POLI/International Relations,UD POLI/International Relations,UD POLI/International Relations,UD POLI/International Relations,,,,,,,,,,,,,,,,,,,,,,,,,,
Political Sci/Political Theory,PS29,LD POLI,LD POLI,LD POLI,POLI 110A,POLI 110B,POLI 110C,POLI 30D,UD ELECTIVE,UD POLI,UD POLI,UD POLI,UD POLI,UD POLI,UD POLI,UD POLI,UD Political Theory,UD/Political Theory,,,,,,,,,,,,,,,,,,,,,,,,,,
Political Sci/Public Law,PS30,LD POLI,LD POLI,POLI 10D,POLI 30D,UD ELECTIVE,UD POLI,UD POLI,UD POLI,UD POLI,UD POLI,UD POLI,UD POLI,UD POLI/Public Law,UD POLI/Public Law,UD POLI/Public Law,UD POLI/Public Law,UD POLI/Public Law,,,,,,,,,,,,,,,,,,,,,,,,,,
Political Sci/Public Policy,PS31,LD POLI,LD POLI,POLI 10D,POLI 160AA,POLI 30D,UD ELECTIVE,UD POLI,UD POLI,UD POLI,UD POLI,UD POLI,UD POLI,UD POLI,UD POLI/Public Policy,UD POLI/Public Policy,UD POLI/Public Policy,UD POLI/Public Policy,,,,,,,,,,,,,,,,,,,,,,,,,,
Political Sci/Data Analytics,PS32,LD POLI,LD POLI,POLI 30(D),POLI 5(D),UD ELECTIVE,UD POLI,UD POLI,UD POLI,UD POLI,UD POLI,UD POLI,UD POLI,UD POLI/Data Analytics,UD POLI/Data Analytics,UD POLI/Data Analytics,UD POLI/Data Analytics,UD POLI/Data Analytics,,,,,,,,,,,,,,,,,,,,,,,,,,
Political Sci/Race Eth and Pol,PS34,LD POLI,LD POLI,POLI 10D,POLI 30D,UD ELECTIVE,UD POLI,UD POLI,UD POLI,UD POLI,UD POLI,UD POLI,UD POLI,"UD POLI/Race, Ethnicity, and Politics","UD POLI/Race, Ethnicity, and Politics","UD POLI/Race, Ethnicity, and Politics","UD POLI/Race, Ethnicity, and Politics","UD POLI/Race, Ethnicity, and Politics",,,,,,,,,,,,,,,,,,,,,,,,,,
Psychology,PC25,1 COMPUTER PROGRAMMING,1 FORMAL SKILLS,1 NATURAL SCIENCE,1 NATURAL SCIENCE,PSYC 60,PSYC 70,PSYC CORE,PSYC CORE,PSYC CORE,PSYC CORE,PSYC UD ELECTIVE,PSYC UD ELECTIVE,PSYC UD ELECTIVE,PSYC UD ELECTIVE,PSYC UD ELECTIVE,PSYC UD ELECTIVE,PSYC UD ELECTIVE,PSYC UD ELECTIVE,UD ELECTIVE,,,,,,,,,,,,,,,,,,,,,,,,
Psychology,PC26,1 COMPUTER PROGRAMMING,1 NATURAL SCIENCE,1 NATURAL SCIENCE,1 NATURAL SCIENCE,1 PSYC CORE,1 PSYC CORE,1 PSYC CORE,1 PSYC CORE,1 PSYC RESEARCH,1 PSYC RESEARCH,1 PSYC UD ELECTIVE,1 PSYC UD ELECTIVE,1 PSYC UD ELECTIVE,1 PSYC UD ELECTIVE,1 PSYC UD ELECTIVE,1 PSYC UD ELECTIVE,1 PSYC UD ELECTIVE,1 PSYC UD ELECTIVE,MATH 10A OR 20A,MATH 10B OR 20B,PSYC 60,PSYC 70,,,,,,,,,,,,,,,,,,,,,
Psychology/Clinical Psychology,PC28,1 COMPUTER PROGRAMMING,1 NATURAL SCIENCE,1 NATURAL SCIENCE,1 NATURAL SCIENCE,1 PSYC CORE,1 PSYC CORE,1 PSYC CORE,1 PSYC ELECTIVE,1 PSYC RESEARCH,1 PSYC RESEARCH,1 PSYC UD ELECTIVE,1 PSYC UD ELECTIVE,1 PSYC UD ELECTIVE,1 PSYC UD ELECTIVE,1 PSYC UD SPECIALIZATION,1 PSYC UD SPECIALIZATION,1 PSYC UD SPECIALIZATION,MATH 10A OR 20A,MATH 10B OR 20B,PSYC 100,PSYC 60,PSYC 70,,,,,,,,,,,,,,,,,,,,,
Psychology/Cognitive Psych,PC29,1 COMPUTER PROGRAMMING,1 NATURAL SCIENCE,1 NATURAL SCIENCE,1 NATURAL SCIENCE,1 PSYC CORE,1 PSYC CORE,1 PSYC CORE,1 PSYC RESEARCH,1 PSYC RESEARCH,1 PSYC UD ELECTIVE,1 PSYC UD ELECTIVE,1 PSYC UD ELECTIVE,1 PSYC UD ELECTIVE,1 PSYC UD ELECTIVE,1 PSYC UD SPECIALIZATION,1 PSYC UD SPECIALIZATION,1 PSYC UD SPECIALIZATION,MATH 10A OR 20A,MATH 10B OR 20B,PSYC 105,PSYC 60,PSYC 70,,,,,,,,,,,,,,,,,,,,,
Psychology/Developmental Psych,PC30,1 COMPUTER PROGRAMMING,1 NATURAL SCIENCE,1 NATURAL SCIENCE,1 NATURAL SCIENCE,1 PSYC CORE,1 PSYC CORE,1 PSYC CORE,1 PSYC RESEARCH,1 PSYC RESEARCH,1 PSYC UD ELECTIVE,1 PSYC UD ELECTIVE,1 PSYC UD ELECTIVE,1 PSYC UD ELECTIVE,1 PSYC UD ELECTIVE,1 PSYC UD SPECIALIZATION,1 PSYC UD SPECIALIZATION,1 PSYC UD SPECIALIZATION,MATH 10A OR 20A,MATH 10B OR 20B,PSYC 101,PSYC 60,PSYC 70,,,,,,,,,,,,,,,,,,,,,
Psychology/Human Health,PC31,1 COMPUTER PROGRAMMING,1 NATURAL SCIENCE,1 NATURAL SCIENCE,1 NATURAL SCIENCE,1 PSYC CORE,1 PSYC RESEARCH,1 PSYC RESEARCH,1 PSYC UD ELECTIVE,1 PSYC UD ELECTIVE,1 PSYC UD ELECTIVE,1 PSYC UD ELECTIVE,1 PSYC UD ELECTIVE,1 PSYC UD SPECIALIZATION,1 PSYC UD SPECIALIZATION,1 PSYC UD SPECIALIZATION,MATH 10A OR 20A,MATH 10B OR 20B,PSYC 100,PSYC 101,PSYC 104,PSYC 60,PSYC 70,,,,,,,,,,,,,,,,,,,,,
Psychology/Sensation&Perceptn,PC32,1 COMPUTER PROGRAMMING,1 NATURAL SCIENCE,1 NATURAL SCIENCE,1 NATURAL SCIENCE,1 PSYC CORE,1 PSYC CORE,1 PSYC CORE,1 PSYC RESEARCH,1 PSYC RESEARCH,1 PSYC UD ELECTIVE,1 PSYC UD ELECTIVE,1 PSYC UD ELECTIVE,1 PSYC UD ELECTIVE,1 PSYC UD ELECTIVE,1 PSYC UD SPECIALIZATION,1 PSYC UD SPECIALIZATION,1 PSYC UD SPECIALIZATION,MATH 10A OR 20A,MATH 10B OR 20B,PSYC 102,PSYC 60,PSYC 70,,,,,,,,,,,,,,,,,,,,,
Psychology/Social Psychology,PC33,1 COMPUTER PROGRAMMING,1 NATURAL SCIENCE,1 NATURAL SCIENCE,1 NATURAL SCIENCE,1 PSYC CORE,1 PSYC CORE,1 PSYC CORE,1 PSYC RESEARCH,1 PSYC RESEARCH,1 PSYC UD ELECTIVE,1 PSYC UD ELECTIVE,1 PSYC UD ELECTIVE,1 PSYC UD ELECTIVE,1 PSYC UD ELECTIVE,1 PSYC UD SPECIALIZATION,1 PSYC UD SPECIALIZATION,1 PSYC UD SPECIALIZATION,MATH 10A OR 20A,MATH 10B OR 20B,PSYC 104,PSYC 60,PSYC 70,,,,,,,,,,,,,,,,,,,,,
Cogn & Behavioral Neuroscience,PC34,1 CBN RESEARCH,1 CBN RESEARCH,1 CBN UD CORE,1 CBN UD CORE,1 CBN UD CORE,1 CBN UD ELECTIVE,1 CBN UD ELECTIVE,1 CBN UD ELECTIVE,1 CBN UD ELECTIVE,1 CBN UD ELECTIVE,1 CBN UD ELECTIVE,1 COGS/PSYC UD ELECTIVE,1 COGS/PSYC UD ELECTIVE,1 COMPUTER PROGRAMMING,1 NATURAL SCIENCE,1 NATURAL SCIENCE,COGS 107A,COGS 17,MATH 10A or 20A,MATH 10B or 20B,MATH 10C or 20C,PSYC 60 or COGS 14B #,PSYC 70 or COGS 14A #,,,,,,,,,,,,,,,,,,,,
Business Psychology,PC35,1 BUS MGT,1 BUS MGT,1 BUS MGT,1 BUS PSYC ELECTIVE,1 BUS PSYC ELECTIVE,1 BUS PSYC ELECTIVE,1 BUS PSYC RESEARCH,1 BUS PSYC RESEARCH,1 COMPUTER PROGRAMMING,1 NATURAL SCIENCE,1 NATURAL SCIENCE,1 NATURAL SCIENCE,1 PSYC CORE,1 PSYC Core,1 UD PSYC ELECTIVE,MATH 10A or 20A,MATH 10B or 20B,MGT 16,MGT 18,PSYC 104,PSYC 105,PSYC 60,PSYC 70,,,,,,,,,,,,,,,,,,,,
Study of Religion,RE26,RELI 101,RELI 189,UD Arts & Humanities (Major),UD Arts & Humanities (Major),UD ELECTIVE,UD Elective (Major),UD Elective (Major),UD Elective (Major),UD Elective (Major),UD Elective - Single Tradition (Major),UD Elective - Single Tradition (Major),UD Social Science (Major),UD Social Sciences (Major),,,,,,,,,,,,,,,,,,,,,,,,,,,,,,
Russian EastEuro & Eurasian St,RU26,HIEU UD ELECTIVE,HIEU UD ELECTIVE,LTRU 104A,LTRU 104B,LTRU 104C,LTRU 1A,LTRU 1B,LTRU 1C,LTRU 2A,LTRU 2B,LTRU UD ELECTIVE,LTRU UD ELECTIVE,LTRU UD ELECTIVE,REEES UD ELECTIVE,REEES UD ELECTIVE,REEES UD ELECTIVE,REEES UD ELECTIVE,UD ELECTIVE,,,,,,,,,,,,,,,,,,,,,,,,,
Marine Biology,SI29,BICD 100,BILD 1,BILD 2,BILD 3,CHEM 6A,CHEM 6B,CHEM 6C,CHEM 7L,MATH 10A/20A,MATH 10B/20B,MATH 10C/20C,PHYS 1A,PHYS 1AL,PHYS 1B,PHYS 1BL,PHYS 1C,PHYS 1CL,SIO 119,SIO 132,SIO 134,SIO 136,SIO 139,SIO 181,SIO 187,SIO 90,UD MAJOR ELECTIVE,UD MAJOR ELECTIVE,UD MAJOR ELECTIVE,UD MAJOR LAB ELECTIVE,UD MAJOR LAB ELECTIVE,,,,,,,,,,,,,
Oceanic & Atmospheric Sciences,SI30,CHEM 6A,CHEM 6B,CHEM 6C,CHEM 7L,MATH 18,MATH 20A,MATH 20B,MATH 20C,MATH 20D,MATH 20E,PHYS 2A,PHYS 2B,PHYS 2BL,PHYS 2C,PHYS 2CL,SIO 171,SIO 172,SIO 174,SIO 60,UD ELECTIVE,UD MAJOR ELECTIVE,UD MAJOR ELECTIVE,UD MAJOR ELECTIVE,UD MAJOR ELECTIVE,UD MAJOR ELECTIVE,UD MAJOR ELECTIVE,UD MAJOR ELECTIVE,UD MAJOR ELECTIVE,UD MAJOR ELECTIVE,,,,,,,,,,,,,,
Geosciences,SI31,CHEM 6A,CHEM 6B,CHEM 6C,MATH 20A,MATH 20B,MATH 20C,PHYS 2A,PHYS 2B,PHYS 2C,SIO 100,SIO 102,SIO 103,SIO 113,SIO 120,SIO 50,SIO 65,SIO 75,UD ELECTIVE,UD ELECTIVE,UD ELECTIVE,UD GEOSCIENCES ELECTIVE,UD GEOSCIENCES ELECTIVE,UD GEOSCIENCES ELECTIVE,UD GEOSCIENCES ELECTIVE,UD GEOSCIENCES ELECTIVE,UD GEOSCIENCES ELECTIVE,UD GEOSCIENCES ELECTIVE,,,,,,,,,,,,,,,,
Sociology,SO25,SOCI 1,"SOCI 10, 20, 30, 40, OR 50**",SOCI 100*,SOCI 2,SOCI 60*,SOCI UD ELECTIVE,SOCI UD ELECTIVE,SOCI UD ELECTIVE,SOCI UD ELECTIVE,SOCI UD ELECTIVE,SOCI UD ELECTIVE,SOCI UD ELECTIVE,SOCI UD ELECTIVE,SOCI UD ELECTIVE,SOCI UD ELECTIVE,SOCI UD METHODOLOGY,UD ELECTIVE,,,,,,,,,,,,,,,,,,,,,,,,,,
Sociology-American Studies,SO27,SOCI 1,"SOCI 10, 20, 30, 40, OR 50**",SOCI 100*,SOCI 2,SOCI 60*,SOCI UD CONCENTRATION ELECTIVE,SOCI UD CONCENTRATION ELECTIVE,SOCI UD CONCENTRATION ELECTIVE,SOCI UD CONCENTRATION ELECTIVE,SOCI UD CONCENTRATION ELECTIVE,SOCI UD ELECTIVE,SOCI UD ELECTIVE,SOCI UD ELECTIVE,SOCI UD ELECTIVE,SOCI UD ELECTIVE,SOCI UD METHODOLOGY,SOCI**,UD ELECTIVE,,,,,,,,,,,,,,,,,,,,,,,,,
Sociology-Culture/Communic,SO28,SOC UD ELECTIVE,SOC-UD CONCENTRATION,SOCI 1,"SOCI 10, 20, 30, 40, OR 50**","SOCI 10,20,30,40OR50*",SOCI 100*,SOCI 2,SOCI 60*,SOCI UD ELECTIVE,SOCI UD ELECTIVE,SOCI UD ELECTIVE,SOCI UD ELECTIVE,SOCI UD METHODOLOGY,SOCI-UD CONCENTRATION,SOCI-UD CONCENTRATION,SOCI-UD CONCENTRATION,SOCI-UD CONCENTRATION,UD ELECTIVE,,,,,,,,,,,,,,,,,,,,,,,,,
Sociology-Economy and Society,SO29,SOCI 1,"SOCI 10, 20, 30, 40, OR 50**",SOCI 100*,SOCI 2,SOCI 60*,SOCI UD CONCENTRATION,SOCI UD CONCENTRATION,SOCI UD CONCENTRATION,SOCI UD CONCENTRATION,SOCI UD CONCENTRATION,SOCI UD ELECTIVE,SOCI UD ELECTIVE,SOCI UD ELECTIVE,SOCI UD ELECTIVE,SOCI UD ELECTIVE,SOCI UD METHODOLOGY,"SOCI10,20,30,40,OR50*",UD ELECTIVE,,,,,,,,,,,,,,,,,,,,,,,,,
Sociology-International Stu,SO30,SOCI 1,"SOCI 10, 20, 30, 40, OR 50**",SOCI 100*,SOCI 2,SOCI 60*,SOCI UD CONCENTRATION,SOCI UD CONCENTRATION,SOCI UD CONCENTRATION,SOCI UD CONCENTRATION,SOCI UD CONCENTRATION,SOCI UD ELECTIVE,SOCI UD ELECTIVE,SOCI UD ELECTIVE,SOCI UD ELECTIVE,SOCI UD ELECTIVE,SOCI UD METHODOLOGY,SOCI**,UD ELECTIVE,,,,,,,,,,,,,,,,,,,,,,,,,
Sociology-Law and Society,SO31,SOCI 1,"SOCI 10, 20, 30, 40, OR 50**",SOCI 100*,SOCI 2,SOCI 60*,SOCI UD CONCENTRATION,SOCI UD CONCENTRATION,SOCI UD CONCENTRATION,SOCI UD CONCENTRATION,SOCI UD CONCENTRATION,SOCI UD ELECTIVE,SOCI UD ELECTIVE,SOCI UD ELECTIVE,SOCI UD ELECTIVE,SOCI UD ELECTIVE,SOCI UD METHODOLOGY,SOCI**,UD ELECTIVE,,,,,,,,,,,,,,,,,,,,,,,,,
Sociology-Science and Medicine,SO32,SOCI 1,"SOCI 10, 20, 30, 40, OR 50**",SOCI 100*,SOCI 2,SOCI 60*,SOCI UD CONCENTRATION,SOCI UD CONCENTRATION,SOCI UD CONCENTRATION,SOCI UD CONCENTRATION,SOCI UD CONCENTRATION,SOCI UD ELECTIVE,SOCI UD ELECTIVE,SOCI UD ELECTIVE,SOCI UD ELECTIVE,SOCI UD ELECTIVE,SOCI UD METHODOLOGY,SOCI**,UD ELECTIVE,,,,,,,,,,,,,,,,,,,,,,,,,
Sociology-Social Inequality,SO33,SOCI 1,"SOCI 10, 20, 30, 40, OR 50**",SOCI 100*,SOCI 2,SOCI 60*,SOCI UD CONCENTRATION,SOCI UD CONCENTRATION,SOCI UD CONCENTRATION,SOCI UD CONCENTRATION,SOCI UD CONCENTRATION,SOCI UD ELECTIVE,SOCI UD ELECTIVE,SOCI UD ELECTIVE,SOCI UD ELECTIVE,SOCI UD ELECTIVE,SOCI UD METHODOLOGY,SOCI**,UD ELECTIVE,,,,,,,,,,,,,,,,,,,,,,,,,
Structural Engineering,SE27,CHEM 6A,Focus Sequence,Focus Sequence,Focus Sequence,Focus Sequence,Focus Sequence Capstone,Focus Sequence Capstone,MATH 18,MATH 20A,MATH 20B,MATH 20C,MATH 20D,MATH 20E,PHYS 2A,PHYS 2B,PHYS 2BL,PHYS 2C,PHYS 2CL,SE 1,SE 101A,SE 101B,SE 101C,SE 102,SE 105,SE 110A,SE 110B,SE 115,SE 125,SE 130A,SE 130B,SE 131A,SE 131B,SE 3,SE 9,Technical Elective,Technical Elective,Technical Elective,,,,,,
Theatre,TH26,TDAC 1,TDAC 101,TDDE 1,TDDE 1XX,TDDR 101,TDDR 111,TDGE 1,TDHT 10,TDHT 1XX,TDHT 1XX,TDHT 1XX,TDHT 21,TDHT 22,TDHT 23,TDPR 6,TDPR 6,TDPW 1,TDPW 101,UD ELECTIVE,UD THEATRE ELECTIVE,UD THEATRE ELECTIVE,UD THEATRE ELECTIVE,UD THEATRE ELECTIVE,,,,,,,,,,,,,,,,,,,,
Dance,TH27,Core Movement,Core Movement,Core Movement,Core Movement,TDDM 1,TDDM 100,TDDM 101,TDDM 5,TDHD 1XX,TDHD 20,TDHD 21,TDMV 20,TDPR 6,TDTR 10,TDTR 104,TDTR 15,TDTR 20,UD ELECTIVE,UD Elective Movement,UD Elective Movement,UD Elective Movement,UD Elective Movement,,,,,,,,,,,,,,,,,,,,,
Urban Studies and Planning,US26,Lower Division Statistics (POLI 30D or PSYC 60 or SOCI 60),UD ELECTIVE,USP 124. Land Use Planning,USP 186. Senior Sequence Research Proposal (Fall Only),USP 187. Senior Sequence Research Project (Winter Only),USP 1: History of US Urban Communities,USP 2. Urban World System,USP 3. The City and Social Theory,USP 4. Introduction to Geographic Information Systems,USP Research Methods,USP Second Foundation,USP Technical Elective,USP Upper Division Elective,USP Upper Division Elective,USP Upper Division Elective,USP Upper Division Elective,USP Upper Division Elective,USP Upper Division Elective,,,,,,,,,,,,,,,,,,,,,,,,,
Real Estate and Development,US27,ECON 1. Principles of Microeconomics,ECON/MGT4. Financial Accounting,Lower Division Math (Math 10A or 20A or MGT 3),MGT 172. Business Project Management,MGT 5. Managerial Accounting,RED Technical Elective,RED Upper Division Elective,RED Upper Division Elective,UD ELECTIVE,USP 1. History of US Urban Communities,USP 124. Land Use Planning,USP 15. Applied Urban Economics for Planning and Development,USP 150. Real Estate and Development Law and Regulation,USP 151. Real Estate Planning and Development,USP 152A (formerly USP 152). Real Estate Development Finance and Investment,USP 153. Real Estate and Development Market Analysis,USP 171. Sustainable Development,USP 185A. Real Estate Finance and Development Studio I,USP 185B. Real Estate Finance and Development Studio II,USP 25. Real Estate and Development Principles and Analysis,USP 5. Introduction to the Real Estate and Development Process,,,,,,,,,,,,,,,,,,,,,,
Visual Arts(Art Hist/Criticsm),VA26,Advanced Elective (VIS),Advanced Seminar (VIS),Advanced Seminar (VIS),Advanced Seminar (VIS),Advanced Theory (VIS),Foundation History (VIS),Foundation History (VIS),Foundation History (VIS),Foundation History (VIS),Foundation History (VIS),Intermediate Lecture (VIS),Intermediate Lecture (VIS),Intermediate Lecture (VIS),Intermediate Lecture (VIS),Intermediate Lecture (VIS),Intermediate Lecture (VIS),UD ELECTIVE,VIS 112,VIS 22,VIS 23,,,,,,,,,,,,,,,,,,,,,,,
Visual Arts (Media),VA27,Advanced Media Practice (VIS),Advanced Media Practice (VIS),Foundation Art Making (VIS),Foundation Art Making (VIS),Foundation History (VIS),Foundation Media Studies (VIS),Foundation Media Studies (VIS),Intermediate Interdisciplinary (VIS),Intermediate Media Practice (VIS),Intermediate Media Practice (VIS),Intermediate Media Studies (VIS),Intermediate Media Studies (VIS),Intermediate Media Studies (VIS),Senior Interdisciplinary (VIS),Senior Media Practice (VIS),Senior Media Practice (VIS),VIS 164,VIS 174,VIS 60,VIS 70N,,,,,,,,,,,,,,,,,,,,,,,
Visual Arts (Studio),VA28,Advanced Art Making (VIS),Advanced Interdisciplinary (VIS),Advanced Interdisciplinary (VIS),Foundation Art Making (VIS),Foundation Art Making (VIS),Foundation History (VIS),History & Theory (VIS),History & Theory (VIS),History & Theory (VIS),Intermediate Group A (VIS),Intermediate Group A (VIS),Intermediate Group A (VIS),Intermediate Group B (VIS),Intermediate Group B (VIS),Intermediate Interdisciplinary (VIS),UD ELECTIVE,VIS 11,VIS 22,VIS 80,,,,,,,,,,,,,,,,,,,,,,,,
Interdisc Computing & the Arts,VA29,Advanced Computing (VIS),Advanced Interdisciplinary (VIS),Foundation Art Making (VIS),Foundation CSE (VIS),Foundation Interdisciplinary (VIS),Foundation MATH (VIS),History & Theory (VIS),Intermediate Art Making (VIS),Intermediate Computing (VIS),Intermediate Computing (VIS),Intermediate Interdisciplinary (VIS),UD ELECTIVE,VIS 10,VIS 142,VIS 145A,VIS 159,VIS 160A,VIS 160B,VIS 22,VIS 41,VIS 70N,,,,,,,,,,,,,,,,,,,,,,
Speculative Design,VA30,Advanced Elective (VIS),Advanced Elective (VIS),Advanced Elective (VIS),Foundation Elective (VIS),Foundation Elective (VIS),Foundation History (VIS),History & Theory (VIS),History & Theory (VIS),Intermediate Lecture (VIS),Intermediate Lecture (VIS),Intermediate Lecture (VIS),Intermediate Studio (VIS),Intermediate Studio (VIS),VIS 11,VIS 135,VIS 190,VIS 30,VIS 41,,,,,,,,,,,,,,,,,,,,,,,,,